# Exported from 3D Builder
mtllib Bare Tree Shelf.mtl

o Object.1
v 0.177307 11.612148 41.319920 255 255 255
v 0.023316 11.766148 41.165932 255 255 255
v -0.253867 11.365772 41.011940 255 255 255
v -0.223067 11.211773 41.135132 255 255 255
v -8.538548 21.590679 42.089874 255 255 255
v -7.614604 21.159504 42.305458 255 255 255
v -7.522211 21.405888 42.367054 255 255 255
v -7.491414 21.436687 42.182266 255 255 255
v -8.446152 21.744671 42.059074 255 255 255
v -8.476952 21.590679 41.966682 255 255 255
v -8.446152 21.683071 41.935883 255 255 255
v -7.522211 21.313496 42.059074 255 255 255
v -7.553009 21.221096 42.120674 255 255 255
v 0.516087 11.735348 40.950348 255 255 255
v 0.731672 11.642956 41.227528 255 255 255
v 0.639279 11.211773 41.227528 255 255 255
v 0.392895 11.242580 41.073536 255 255 255
v 0.084913 11.180981 40.703960 255 255 255
v -0.099876 11.334972 40.673164 255 255 255
v 0.238904 11.735348 40.796352 255 255 255
v 0.115712 11.027004 40.888748 255 255 255
v -1.054615 9.425507 40.180397 255 255 255
v -1.054615 9.702679 40.241993 255 255 255
v -0.962222 9.610294 40.395985 255 255 255
v -0.962222 9.425507 40.365181 255 255 255
v -1.147009 9.240723 40.118801 255 255 255
v -1.424192 9.394707 40.211193 255 255 255
v -1.331797 9.579494 40.180397 255 255 255
v -1.239405 9.764278 40.241993 255 255 255
v -0.685039 9.209923 40.272789 255 255 255
v -0.746634 9.117527 40.088005 255 255 255
v -1.177808 9.548698 40.703960 255 255 255
v -0.869826 9.795078 40.457577 255 255 255
v -1.054615 9.795078 40.765556 255 255 255
v -1.301000 9.333111 40.642365 255 255 255
v -1.054615 9.148327 40.519173 255 255 255
v -0.962222 9.271515 40.549973 255 255 255
v -1.608980 9.425507 40.580769 255 255 255
v -1.516588 9.517899 40.642365 255 255 255
v -1.608980 9.610294 40.519173 255 255 255
v -1.639778 9.456299 40.457577 255 255 255
v -1.608980 9.517899 40.334389 255 255 255
v -1.547385 9.641094 40.334389 255 255 255
v 0.670078 8.316780 39.934013 255 255 255
v 0.639279 8.285980 39.872417 255 255 255
v 0.516087 8.378376 39.841621 255 255 255
v 0.546884 8.409176 39.964809 255 255 255
v 0.731672 8.193592 39.934013 255 255 255
v 0.608479 8.162788 40.026405 255 255 255
v 0.454490 8.224388 40.057205 255 255 255
v 0.454490 8.224388 39.934013 255 255 255
v 0.639279 8.162788 39.934013 255 255 255
v 0.670078 8.193592 40.057205 255 255 255
v 0.516087 8.255180 40.088005 255 255 255
v 0.670078 8.255180 40.088005 255 255 255
v 0.546884 8.347580 40.118797 255 255 255
v 0.608479 8.224388 39.872417 255 255 255
v 0.485289 8.316780 39.841621 255 255 255
v 2.086788 3.697098 41.597099 255 255 255
v 1.994394 4.343853 41.597099 255 255 255
v 1.624819 4.282257 41.381512 255 255 255
v 1.686413 3.697094 41.350712 255 255 255
v 1.778807 4.313049 41.042736 255 255 255
v 1.871201 3.697094 41.073532 255 255 255
v 2.394770 3.727886 41.350712 255 255 255
v 2.333173 4.405441 41.381512 255 255 255
v 1.532422 5.852951 41.751083 255 255 255
v 1.101250 5.760555 41.473907 255 255 255
v 1.224444 5.822147 41.104332 255 255 255
v 1.686413 5.945339 41.073532 255 255 255
v 2.209982 4.374649 40.981140 255 255 255
v 2.240779 3.758686 41.011936 255 255 255
v 1.809607 5.945339 41.473907 255 255 255
v 1.101250 6.992474 41.781883 255 255 255
v 0.670078 6.992470 41.535503 255 255 255
v 0.854865 7.084862 41.258324 255 255 255
v 1.286038 7.177258 41.165928 255 255 255
v 1.440028 7.115662 41.504704 255 255 255
v 1.255241 7.731625 41.627899 255 255 255
v 1.070453 7.670025 41.905079 255 255 255
v 1.316835 8.131996 41.751087 255 255 255
v 1.132047 8.039604 42.028271 255 255 255
v 0.700875 8.193596 41.874283 255 255 255
v 0.639279 7.762421 41.689491 255 255 255
v 0.885662 8.316780 41.504704 255 255 255
v 0.793269 7.854809 41.350716 255 255 255
v 1.286038 8.224388 41.504704 255 255 255
v 1.193644 7.854809 41.319916 255 255 255
v 1.532422 8.563168 41.966675 255 255 255
v 1.717210 9.363911 42.243855 255 255 255
v 1.470825 9.302311 42.521034 255 255 255
v 1.255241 8.501579 42.243855 255 255 255
v 1.162844 9.610298 42.459442 255 255 255
v 0.916462 8.717155 42.089867 255 255 255
v 1.316835 9.733486 42.151463 255 255 255
v 1.039653 8.809551 41.751087 255 255 255
v 1.655616 9.579498 42.028271 255 255 255
v 1.409231 8.747955 41.689491 255 255 255
v 2.025191 12.228115 43.568169 255 255 255
v 1.748010 12.844067 43.814552 255 255 255
v 1.748010 12.905666 43.475773 255 255 255
v 2.025191 12.289715 43.321785 255 255 255
v 1.932797 11.673748 43.044601 255 255 255
v 1.902001 11.581356 43.290985 255 255 255
v 2.271576 12.474499 43.198593 255 255 255
v 2.209982 11.827740 43.013805 255 255 255
v 2.702748 12.382107 43.506569 255 255 255
v 2.517960 11.673748 43.106201 255 255 255
v 2.517960 11.766148 43.537369 255 255 255
v 2.548760 12.351315 43.814552 255 255 255
v 2.086788 13.028858 43.999336 255 255 255
v 1.039653 13.829609 44.122532 255 255 255
v 1.101250 13.921993 43.783752 255 255 255
v 1.316835 14.075985 43.691360 255 255 255
v 2.025191 13.059658 43.414177 255 255 255
v 1.501625 14.137585 43.968540 255 255 255
v 2.271576 13.090458 43.722157 255 255 255
v 1.347635 13.983593 44.307320 255 255 255
v -0.069076 15.307903 44.430511 255 255 255
v -0.038279 15.400303 44.122532 255 255 255
v 0.177307 15.523487 44.646095 255 255 255
v -0.561846 16.324238 44.676895 255 255 255
v -0.746634 16.077847 44.430511 255 255 255
v -0.715837 16.139454 44.214924 255 255 255
v -0.561846 16.293446 44.184128 255 255 255
v 0.146509 15.554279 44.060936 255 255 255
v 0.300499 15.677479 44.307320 255 255 255
v -1.085414 16.755398 44.584499 255 255 255
v -1.608980 17.186573 44.522907 255 255 255
v -1.793768 16.940189 44.338120 255 255 255
v -1.270202 16.539829 44.399712 255 255 255
v -1.701375 17.001797 44.091736 255 255 255
v -1.208605 16.570621 44.153328 255 255 255
v -1.547385 17.186573 44.030140 255 255 255
v -1.054615 16.755398 44.122532 255 255 255
v -0.962222 16.909389 44.307320 255 255 255
v -0.438654 16.447430 44.338120 255 255 255
v -1.485788 17.309765 44.338120 255 255 255
v -2.378934 17.833340 44.245724 255 255 255
v -2.563721 17.617748 44.153332 255 255 255
v -2.471326 17.648548 43.937744 255 255 255
v -2.286538 17.833340 43.906944 255 255 255
v -2.255741 17.956524 44.122536 255 255 255
v -3.148884 18.849667 43.660564 255 255 255
v -3.333672 18.757267 43.783756 255 255 255
v -3.487663 18.541683 43.691360 255 255 255
v -3.364472 18.541683 43.475777 255 255 255
v -3.179683 18.726475 43.475777 255 255 255
v -3.826442 19.527210 43.260193 255 255 255
v -3.980433 19.434834 43.444981 255 255 255
v -4.596393 20.050785 42.921417 255 255 255
v -4.688788 19.989185 43.106201 255 255 255
v -4.811981 19.712002 42.952213 255 255 255
v -4.103625 19.188442 43.290989 255 255 255
v -4.719585 19.742802 42.705830 255 255 255
v -3.980433 19.219234 43.075405 255 255 255
v -4.596393 19.896793 42.705830 255 255 255
v -3.826442 19.373234 43.044609 255 255 255
v -5.397143 20.481953 42.705830 255 255 255
v -5.489539 20.420353 42.890617 255 255 255
v -5.612730 20.143177 42.736626 255 255 255
v -5.520336 20.173977 42.459446 255 255 255
v -5.397143 20.327961 42.459446 255 255 255
v -6.598268 21.036312 42.397850 255 255 255
v -6.690663 20.974720 42.582638 255 255 255
v -6.783057 20.728336 42.490242 255 255 255
v -6.690663 20.789936 42.243862 255 255 255
v -6.629068 20.913128 42.213066 255 255 255
v -8.600142 21.683071 41.966682 255 255 255
v 1.470825 11.242580 42.459442 255 255 255
v 1.101250 11.488964 42.028275 255 255 255
v 0.854865 11.242580 42.213058 255 255 255
v 1.162844 10.996204 42.644230 255 255 255
v 0.885662 10.965405 42.028275 255 255 255
v 0.392895 11.550564 41.566303 255 255 255
v 0.423692 11.242580 41.535507 255 255 255
v 1.162844 10.934605 41.658699 255 255 255
v 0.208106 11.273373 41.289124 255 255 255
v -0.099876 11.057796 41.165932 255 255 255
v -0.438654 10.411030 40.673164 255 255 255
v -0.531049 10.534229 40.519173 255 255 255
v -0.654240 10.657421 40.457581 255 255 255
v -0.808231 10.719013 40.611568 255 255 255
v -1.301000 10.072254 40.426781 255 255 255
v -1.362595 10.041462 40.611565 255 255 255
v -0.839029 10.657421 40.796352 255 255 255
v -1.454991 9.856670 40.365181 255 255 255
v -1.485788 9.825878 40.549973 255 255 255
v -1.393395 9.702679 40.703960 255 255 255
v -1.270202 9.918270 40.765556 255 255 255
v -0.777433 10.534229 40.981140 255 255 255
v -0.253867 11.427364 40.827152 255 255 255
v 0.084913 11.827740 40.950348 255 255 255
v -0.623442 10.411030 40.981140 255 255 255
v -0.962222 9.887470 40.303585 255 255 255
v -0.808231 9.025135 40.057205 255 255 255
v -0.839029 8.871140 40.180397 255 255 255
v -1.177808 9.055927 40.241993 255 255 255
v -1.454991 9.240723 40.334389 255 255 255
v -1.116212 9.055927 40.457577 255 255 255
v -1.393395 9.240723 40.549973 255 255 255
v -0.808231 8.871140 40.365181 255 255 255
v -0.746634 8.963535 40.426781 255 255 255
v -0.685039 9.055927 40.457577 255 255 255
v -1.085414 9.979862 40.303585 255 255 255
v 0.362096 11.920132 41.165932 255 255 255
v 0.608479 11.796947 41.443111 255 255 255
v 1.316835 11.396572 41.781887 255 255 255
v 1.193644 10.595829 42.367050 255 255 255
v 1.686413 11.242580 42.243858 255 255 255
v 1.501625 10.688221 42.028275 255 255 255
v 1.224444 10.595829 42.705826 255 255 255
v 1.440028 10.873005 42.952209 255 255 255
v 1.717210 11.211773 43.075401 255 255 255
v 1.748010 11.273373 42.890610 255 255 255
v 1.932797 11.365772 42.736626 255 255 255
v 2.148385 11.119381 42.705826 255 255 255
v 2.086788 10.780613 42.613434 255 255 255
v 1.748010 10.873005 42.213058 255 255 255
v 2.363970 11.211773 42.952209 255 255 255
v 2.302373 11.057796 43.136997 255 255 255
v 1.717210 10.441837 42.243858 255 255 255
v 1.871201 10.287846 42.428646 255 255 255
v 1.532422 10.411030 42.182259 255 255 255
v 1.316835 10.380238 42.397846 255 255 255
v 1.316835 10.287846 42.705826 255 255 255
v 1.871201 10.842213 43.136997 255 255 255
v 1.655616 10.565029 43.013805 255 255 255
v 2.148385 10.780613 43.013805 255 255 255
v 1.932797 10.411030 42.859818 255 255 255
v 1.840404 9.856670 42.428646 255 255 255
v 1.624819 9.795078 42.675026 255 255 255
v 1.378431 10.103054 42.767422 255 255 255
v 1.378431 10.072254 42.305450 255 255 255
v 1.655616 10.041462 42.182259 255 255 255
v -5.458739 15.739079 38.486515 255 255 255
v -5.243155 15.585087 38.394119 255 255 255
v -5.335546 15.523487 38.486515 255 255 255
v -5.458739 15.677479 38.517311 255 255 255
v -5.427942 15.708279 38.578907 255 255 255
v -5.335546 15.769871 38.548111 255 255 255
v -5.119960 15.646679 38.578907 255 255 255
v -5.181556 15.646679 38.455719 255 255 255
v -5.397143 15.769871 38.486515 255 255 255
v -5.458739 15.739079 38.517311 255 255 255
v -3.456864 14.075985 38.301727 255 255 255
v -3.087289 14.106785 38.332527 255 255 255
v -2.994894 13.460033 38.301727 255 255 255
v -3.210479 13.460033 38.363323 255 255 255
v -7.337423 22.637806 38.671307 255 255 255
v -6.967846 22.453007 38.671307 255 255 255
v -6.967846 22.329830 38.609711 255 255 255
v -7.491414 22.637806 38.702103 255 255 255
v -7.245028 22.483814 38.825294 255 255 255
v -7.399018 22.483814 38.763702 255 255 255
v -6.998643 22.268238 38.763702 255 255 255
v -6.967846 22.329830 38.825294 255 255 255
v 1.224444 3.358315 40.057201 255 255 255
v 0.947259 3.666298 39.749222 255 255 255
v 0.546884 3.481510 39.626030 255 255 255
v 0.577682 3.204323 39.934010 255 255 255
v 1.224444 2.742359 39.410446 255 255 255
v 1.132047 3.173531 38.979275 255 255 255
v 1.378431 3.450710 39.348850 255 255 255
v 1.440028 3.081135 39.780022 255 255 255
v 1.162844 3.974274 39.071667 255 255 255
v 0.854865 4.005070 39.472042 255 255 255
v 0.331296 4.836617 39.410446 255 255 255
v -0.038279 4.621029 39.287254 255 255 255
v 0.454490 3.789486 39.348850 255 255 255
v -0.007480 4.528633 38.732891 255 255 255
v 0.485289 3.604698 38.732891 255 255 255
v 0.670078 3.142727 39.040871 255 255 255
v 0.700875 2.773159 39.472038 255 255 255
v 0.916462 3.758686 38.702095 255 255 255
v 0.331296 4.713421 38.702095 255 255 255
v 0.577682 4.898216 38.948479 255 255 255
v -1.177808 7.208057 38.548107 255 255 255
v -0.931422 7.362041 38.763695 255 255 255
v -1.116212 7.269646 39.225658 255 255 255
v -1.485788 7.054070 39.102470 255 255 255
v -1.454991 7.054070 38.609703 255 255 255
v -1.639778 8.101200 38.548107 255 255 255
v -1.362595 8.224388 38.702095 255 255 255
v -1.578183 8.162788 39.164063 255 255 255
v -2.009355 7.978001 39.040874 255 255 255
v -1.916961 7.978001 38.548107 255 255 255
v -1.547385 8.840347 38.671303 255 255 255
v -1.824568 8.747952 38.548107 255 255 255
v -2.840904 12.813267 38.332527 255 255 255
v -2.656116 12.844067 38.517311 255 255 255
v -1.732172 8.809547 39.102470 255 255 255
v -2.748509 12.844067 38.794495 255 255 255
v -2.163346 8.686352 38.948479 255 255 255
v -3.087289 12.751682 38.702099 255 255 255
v -2.101751 8.655552 38.609703 255 255 255
v -2.994894 12.782475 38.394119 255 255 255
v -2.810106 13.490833 38.517311 255 255 255
v -2.871701 13.490833 38.732895 255 255 255
v -3.210479 13.429234 38.671303 255 255 255
v -3.487663 13.983593 38.671303 255 255 255
v -4.350008 14.938335 38.363323 255 255 255
v -4.965971 15.338703 38.363323 255 255 255
v -4.842779 15.431095 38.424919 255 255 255
v -4.226818 14.999935 38.455719 255 255 255
v -4.811981 15.431095 38.548111 255 255 255
v -4.226818 15.030727 38.578907 255 255 255
v -4.965971 15.369495 38.609707 255 255 255
v -4.380808 14.938335 38.609707 255 255 255
v -5.058363 15.277111 38.455719 255 255 255
v -4.504001 14.876736 38.455719 255 255 255
v -5.273951 15.585087 38.609707 255 255 255
v -2.994894 14.106785 38.763695 255 255 255
v -2.994894 15.153912 38.856091 255 255 255
v -2.871701 15.677479 38.825294 255 255 255
v -3.056489 15.646679 38.640503 255 255 255
v -3.179683 15.123119 38.640503 255 255 255
v -2.686913 16.755398 38.763699 255 255 255
v -2.871701 16.755398 38.640503 255 255 255
v -2.902500 15.646679 38.424919 255 255 255
v -2.717712 16.755398 38.424919 255 255 255
v -3.179683 15.123119 38.486515 255 255 255
v -2.748509 15.123119 38.455719 255 255 255
v -2.902500 14.075985 38.548111 255 255 255
v -2.625317 15.646679 38.486515 255 255 255
v -2.625317 15.646679 38.732895 255 255 255
v -2.779307 15.123119 38.763695 255 255 255
v -2.471326 16.755398 38.455719 255 255 255
v -2.471326 16.786198 38.671303 255 255 255
v -2.810106 18.695675 38.825294 255 255 255
v -2.933298 18.664875 38.671307 255 255 255
v -2.871701 18.695675 38.517315 255 255 255
v -2.625317 18.757267 38.548111 255 255 255
v -2.594518 18.726475 38.732899 255 255 255
v -2.748509 19.434834 38.548111 255 255 255
v -2.748509 19.434834 38.763699 255 255 255
v -3.087289 20.019978 38.548111 255 255 255
v -3.087289 20.019978 38.732899 255 255 255
v -3.241280 19.927586 38.794495 255 255 255
v -2.933298 19.342434 38.825294 255 255 255
v -3.364472 19.896793 38.702103 255 255 255
v -3.056489 19.311634 38.671307 255 255 255
v -3.272076 19.958385 38.517315 255 255 255
v -3.025692 19.342434 38.517315 255 255 255
v -3.795644 20.851536 38.578911 255 255 255
v -3.795644 20.820728 38.732899 255 255 255
v -3.918835 20.728336 38.825294 255 255 255
v -4.072827 20.574352 38.732899 255 255 255
v -3.949635 20.666744 38.517315 255 255 255
v -4.534798 21.559879 38.609711 255 255 255
v -5.119960 21.867863 38.609711 255 255 255
v -5.119960 21.867863 38.763702 255 255 255
v -4.534798 21.559879 38.763702 255 255 255
v -5.212356 21.744671 38.856094 255 255 255
v -4.627192 21.436687 38.856094 255 255 255
v -5.273951 21.621471 38.732903 255 255 255
v -4.719585 21.313496 38.732899 255 255 255
v -5.243155 21.683071 38.548115 255 255 255
v -4.657990 21.375095 38.578911 255 255 255
v -5.766720 22.083447 38.609711 255 255 255
v -6.413480 22.268238 38.640507 255 255 255
v -6.413480 22.237438 38.763702 255 255 255
v -5.766720 22.083447 38.763702 255 255 255
v -6.444277 22.145046 38.825294 255 255 255
v -5.828317 21.960255 38.856094 255 255 255
v -6.475076 22.052639 38.763702 255 255 255
v -5.889913 21.837063 38.763702 255 255 255
v -6.475076 22.083447 38.609711 255 255 255
v -5.859114 21.867863 38.578911 255 255 255
v -7.306623 22.576214 38.794498 255 255 255
v -6.937047 22.422215 38.763702 255 255 255
v -3.857239 14.476360 38.363323 255 255 255
v -3.703250 14.630352 38.486515 255 255 255
v -3.426067 14.599560 38.455719 255 255 255
v -3.580058 14.291576 38.332527 255 255 255
v -2.964097 14.691952 38.363323 255 255 255
v -3.179683 14.815136 38.424919 255 255 255
v -3.672452 14.691952 38.578907 255 255 255
v -3.426067 14.691952 38.640503 255 255 255
v -3.272076 14.845936 38.640503 255 255 255
v -3.210479 14.630352 38.794495 255 255 255
v -3.364472 14.445560 38.763695 255 255 255
v -2.994894 14.507160 38.825294 255 255 255
v -2.840904 14.568752 38.517311 255 255 255
v -3.795644 14.568752 38.671303 255 255 255
v -3.672452 14.229977 38.640503 255 255 255
v -3.918835 14.445560 38.517311 255 255 255
v -3.764846 14.229977 38.486511 255 255 255
v -16.915623 16.786198 48.495834 255 255 255
v -16.576843 16.663013 48.095459 255 255 255
v -16.576843 16.570621 48.157059 255 255 255
v -16.977219 16.755398 48.588226 255 255 255
v -16.977219 16.847797 48.649826 255 255 255
v -16.977219 16.755398 48.649826 255 255 255
v -16.515247 16.539829 48.280251 255 255 255
v -16.546047 16.786198 48.465034 255 255 255
v -16.946423 16.847797 48.557430 255 255 255
v -16.515247 16.786198 48.157059 255 255 255
v -0.839029 5.483376 40.919544 255 255 255
v -0.500250 5.637363 41.196724 255 255 255
v -0.130674 4.990608 41.196724 255 255 255
v -0.592645 4.836617 40.919544 255 255 255
v -0.161471 4.990612 41.720291 255 255 255
v -0.531049 5.668167 41.751083 255 255 255
v -0.623442 4.836620 41.720291 255 255 255
v -0.931422 5.452579 41.751083 255 255 255
v -0.839029 4.744221 41.319916 255 255 255
v -1.147009 5.329380 41.350716 255 255 255
v -1.824568 7.146461 41.289120 255 255 255
v -2.101751 6.930874 41.258324 255 255 255
v -3.272076 8.224388 41.289120 255 255 255
v -2.964097 8.470768 41.350716 255 255 255
v -1.762971 7.177261 41.751087 255 255 255
v -2.871701 8.501579 41.720291 255 255 255
v -2.194143 6.900078 41.843483 255 255 255
v -3.272076 8.162792 41.905079 255 255 255
v -2.286538 6.838482 41.473907 255 255 255
v -3.364472 8.101204 41.597099 255 255 255
v -4.719585 10.411030 41.504707 255 255 255
v -4.996768 10.133862 41.412312 255 255 255
v -5.489539 10.657421 41.473911 255 255 255
v -5.273951 10.934605 41.566303 255 255 255
v -4.781184 10.287846 41.935879 255 255 255
v -5.304749 10.811405 42.028275 255 255 255
v -4.996768 10.041462 41.905083 255 255 255
v -5.551134 10.503429 41.997475 255 255 255
v -5.119960 9.949070 41.720295 255 255 255
v -5.643529 10.411030 41.781887 255 255 255
v -6.937047 11.365772 42.089867 255 255 255
v -6.813856 11.612148 41.812687 255 255 255
v -6.629068 11.858540 41.935879 255 255 255
v -6.567471 11.827740 42.274654 255 255 255
v -6.844652 11.458164 42.367050 255 255 255
v -9.770470 13.429234 43.044605 255 255 255
v -9.893662 13.336842 42.798218 255 255 255
v -9.801269 13.614017 42.582634 255 255 255
v -9.616479 13.829609 42.644234 255 255 255
v -9.585682 13.737217 43.013809 255 255 255
v -10.940797 14.599560 43.352585 255 255 255
v -11.094787 14.353161 43.352585 255 255 255
v -11.587557 14.568752 43.783752 255 255 255
v -11.741547 14.568752 43.537369 255 255 255
v -11.217980 14.291576 43.137001 255 255 255
v -11.649153 14.784344 43.352585 255 255 255
v -11.217980 14.568752 42.859818 255 255 255
v -11.587557 14.907536 43.444977 255 255 255
v -11.033191 14.753536 43.013809 255 255 255
v -11.402768 14.907536 43.722160 255 255 255
v -13.127460 15.461887 45.477638 255 255 255
v -13.281450 15.184719 45.416042 255 255 255
v -13.404641 15.277111 45.262054 255 255 255
v -13.466238 15.492695 45.138863 255 255 255
v -13.373844 15.615879 45.169662 255 255 255
v -13.928210 15.800678 46.155193 255 255 255
v -14.667364 16.016254 46.832748 255 255 255
v -14.790556 15.769871 46.832748 255 255 255
v -14.051403 15.523487 46.124397 255 255 255
v -14.944546 15.831470 46.617161 255 255 255
v -14.205392 15.554279 45.939606 255 255 255
v -14.944546 16.016254 46.555565 255 255 255
v -14.205392 15.769871 45.847214 255 255 255
v -14.852152 16.108654 46.617161 255 255 255
v -14.082201 15.893070 45.908810 255 255 255
v -15.437315 16.447430 47.510300 255 255 255
v -15.529708 16.139454 47.510300 255 255 255
v -15.683701 16.170246 47.294716 255 255 255
v -15.714499 16.324238 47.202324 255 255 255
v -15.622106 16.447430 47.294716 255 255 255
v -0.069076 3.820290 40.827148 255 255 255
v -0.315462 3.419918 41.258320 255 255 255
v -0.007480 3.481514 41.812683 255 255 255
v 0.392895 3.635502 41.658691 255 255 255
v 0.454490 3.851082 41.165924 255 255 255
v -19.502661 -0.060249 38.424911 255 255 255
v -19.656652 0.216930 38.548103 255 255 255
v -19.348671 -0.060249 38.455711 255 255 255
v -19.225477 -0.429825 38.363316 255 255 255
v -19.379469 -0.399029 38.301720 255 255 255
v -21.566132 0.925278 38.702095 255 255 255
v -21.227352 0.802094 38.702095 255 255 255
v -21.288950 0.771294 38.640495 255 255 255
v -21.781719 0.986877 38.671295 255 255 255
v -19.564259 -0.429825 38.332520 255 255 255
v -19.810642 -0.029449 38.455711 255 255 255
v -20.303411 0.247730 38.548103 255 255 255
v -20.211018 0.340122 38.548103 255 255 255
v -21.904911 1.017677 38.886879 255 255 255
v -21.658527 0.986877 38.825287 255 255 255
v -21.935709 1.048477 38.825287 255 255 255
v -21.997305 0.956078 38.856083 255 255 255
v -21.750921 0.863686 38.856083 255 255 255
v -21.689323 0.925278 38.856083 255 255 255
v -22.089699 1.017677 38.794487 255 255 255
v -22.028103 1.017677 38.671295 255 255 255
v -2.163346 -10.962708 35.961075 255 255 255
v -1.978558 -10.685528 35.776283 255 255 255
v -3.333672 -9.823185 35.930275 255 255 255
v -3.456864 -10.131168 36.238255 255 255 255
v -2.255741 -11.147495 35.745487 255 255 255
v -3.580058 -10.346752 35.930275 255 255 255
v -2.194143 -10.993507 35.437508 255 255 255
v -3.487663 -10.131168 35.591499 255 255 255
v -2.070951 -10.777924 35.529903 255 255 255
v -3.364472 -9.884781 35.653091 255 255 255
v -4.319210 -9.484413 35.868679 255 255 255
v -4.411605 -9.730793 36.176659 255 255 255
v -4.473201 -10.038769 35.899475 255 255 255
v -4.411605 -9.761593 35.591499 255 255 255
v -4.319210 -9.515209 35.653095 255 255 255
v -8.261364 -8.560474 35.807083 255 255 255
v -8.168969 -8.314087 35.591499 255 255 255
v -8.723335 -8.036911 35.560703 255 255 255
v -8.846527 -8.283291 35.745487 255 255 255
v -8.384557 -8.868454 35.591499 255 255 255
v -9.708873 -7.759727 35.868679 255 255 255
v -15.375719 -4.864723 36.515438 255 255 255
v -15.314124 -4.833923 36.669426 255 255 255
v -14.513373 -5.634670 36.361450 255 255 255
v -15.406518 -5.018711 36.915810 255 255 255
v -14.574970 -5.819458 36.577034 255 255 255
v -16.238066 -4.433552 36.761822 255 255 255
v -16.238066 -4.587540 36.915810 255 255 255
v -16.915623 -4.033180 37.162193 255 255 255
v -16.915623 -3.848392 36.977409 255 255 255
v -16.114874 -4.310364 36.792618 255 255 255
v -16.823229 -3.756001 37.039005 255 255 255
v -16.053278 -4.217964 36.915810 255 255 255
v -16.761633 -3.694405 37.162193 255 255 255
v -16.114874 -4.433552 37.131397 255 255 255
v -16.823229 -3.879192 37.377781 255 255 255
v -17.993555 -3.478817 37.562569 255 255 255
v -17.993555 -3.170841 37.316185 255 255 255
v -17.931959 -3.078449 37.377781 255 255 255
v -17.839565 -2.986053 37.500973 255 255 255
v -17.901159 -3.201633 37.747356 255 255 255
v -18.393930 -3.140041 37.654961 255 255 255
v -18.270739 -2.986053 37.839748 255 255 255
v -18.671114 -2.708866 37.962940 255 255 255
v -18.855902 -2.893661 37.808952 255 255 255
v -18.393930 -2.924461 37.439377 255 255 255
v -18.825104 -2.647274 37.531769 255 255 255
v -18.301535 -2.832058 37.470177 255 255 255
v -18.701910 -2.585682 37.593365 255 255 255
v -18.178345 -2.770466 37.685760 255 255 255
v -18.578720 -2.554882 37.870548 255 255 255
v -20.765383 -1.938919 38.116932 255 255 255
v -21.319746 -1.846531 38.240120 255 255 255
v -21.227352 -1.784935 38.394112 255 255 255
v -20.642189 -1.877331 38.301720 255 255 255
v -22.120497 -1.723343 38.424911 255 255 255
v -22.058901 -1.692543 38.578899 255 255 255
v -21.288950 -2.000515 38.517303 255 255 255
v -20.734583 -2.092915 38.394112 255 255 255
v -20.826977 -2.092915 38.116932 255 255 255
v -20.826977 -2.185307 38.240120 255 255 255
v -21.350546 -2.123714 38.363316 255 255 255
v -21.381344 -2.031315 38.240120 255 255 255
v -22.182095 -1.877331 38.424911 255 255 255
v -22.952045 -1.446156 38.609699 255 255 255
v -22.890450 -1.415359 38.732887 255 255 255
v -22.952045 -1.569347 38.825283 255 255 255
v -22.120497 -1.877331 38.702091 255 255 255
v -22.182095 -2.000515 38.548103 255 255 255
v -23.013641 -1.661743 38.702091 255 255 255
v -23.013641 -1.569347 38.609699 255 255 255
v -23.537209 -1.261368 38.702091 255 255 255
v -23.475613 -1.168976 38.671295 255 255 255
v -24.738333 -0.491425 38.886879 255 255 255
v -24.707535 -0.460625 38.886879 255 255 255
v -23.414017 -1.107384 38.794487 255 255 255
v -24.645939 -0.429825 38.948475 255 255 255
v -23.506411 -1.292168 38.917675 255 255 255
v -24.676737 -0.522224 38.979271 255 255 255
v -23.537209 -1.322968 38.794487 255 255 255
v -19.595055 -0.368229 38.578899 255 255 255
v -19.441065 -0.522224 38.640495 255 255 255
v -19.471863 -0.245041 38.702095 255 255 255
v -19.533459 -0.922596 38.455708 255 255 255
v -19.533459 -0.891796 38.178528 255 255 255
v -19.225477 -0.984188 38.455708 255 255 255
v -19.225477 -0.891796 38.240120 255 255 255
v -19.256277 -0.553013 38.578899 255 255 255
v -19.410267 -0.152641 38.640495 255 255 255
v -19.718246 0.186131 38.702095 255 255 255
v -19.779844 0.093739 38.763687 255 255 255
v -19.841440 0.001347 38.671295 255 255 255
v -20.241816 0.370922 38.825287 255 255 255
v -20.334209 0.247730 38.732887 255 255 255
v -20.857777 0.432518 38.609699 255 255 255
v -21.381344 0.678898 38.640495 255 255 255
v -20.765383 0.555706 38.609699 255 255 255
v -20.734583 0.648106 38.702095 255 255 255
v -20.180220 0.463310 38.640495 255 255 255
v -20.211018 0.432518 38.763687 255 255 255
v -20.734583 0.648106 38.825287 255 255 255
v -20.796181 0.586506 38.856083 255 255 255
v -21.258152 0.832893 38.825287 255 255 255
v -21.288950 0.771294 38.886879 255 255 255
v -21.381344 0.648106 38.856083 255 255 255
v -20.857777 0.463310 38.794487 255 255 255
v -19.379469 -0.860996 38.147728 255 255 255
v -24.738333 -0.429825 38.948475 255 255 255
v -19.533459 -1.384560 37.993740 255 255 255
v -19.348671 -1.384560 37.993740 255 255 255
v -19.225477 -1.446156 38.116932 255 255 255
v -19.225477 -1.507755 38.332520 255 255 255
v -19.348671 -0.984188 38.517303 255 255 255
v -19.317871 -1.507755 38.394112 255 255 255
v -19.533459 -1.507755 38.332520 255 255 255
v -19.625853 -1.415359 38.147728 255 255 255
v -19.749046 -1.846531 38.055336 255 255 255
v -19.625853 -1.938919 38.209324 255 255 255
v -19.933834 -2.000515 38.209324 255 255 255
v -19.933834 -1.969719 38.086132 255 255 255
v -19.995430 -2.277702 38.270920 255 255 255
v -19.595055 -2.185307 38.270920 255 255 255
v -19.348671 -2.123714 38.209324 255 255 255
v -19.317871 -1.938919 38.270920 255 255 255
v -19.102285 -2.031315 38.178528 255 255 255
v -19.071487 -2.000515 37.901344 255 255 255
v -19.256277 -2.000515 37.747356 255 255 255
v -19.595055 -1.754135 37.901344 255 255 255
v -19.687449 -2.092915 37.839752 255 255 255
v -19.348671 -2.216106 37.716557 255 255 255
v -20.026228 -2.185307 37.932144 255 255 255
v -20.087824 -2.308495 37.993740 255 255 255
v -19.718246 -2.400887 37.932144 255 255 255
v -19.625853 -2.462490 38.116928 255 255 255
v -19.471863 -2.339294 38.178528 255 255 255
v -19.194679 -2.246902 38.178528 255 255 255
v -19.749046 -2.277702 37.839748 255 255 255
v -19.379469 -2.431690 37.685760 255 255 255
v -19.379469 -2.554882 37.778152 255 255 255
v -19.287075 -2.616474 37.993740 255 255 255
v -19.133083 -2.524090 38.086132 255 255 255
v -19.040689 -2.370094 38.116928 255 255 255
v -18.886700 -2.308495 38.024536 255 255 255
v -18.917498 -2.216106 37.870548 255 255 255
v -15.591305 -5.234299 36.700226 255 255 255
v -19.009892 -2.339294 37.654961 255 255 255
v -6.844652 -8.806858 35.468307 255 255 255
v -6.844652 -8.745262 35.653095 255 255 255
v -6.906248 -9.053238 35.375916 255 255 255
v -6.998643 -9.299625 35.683891 255 255 255
v -6.937047 -9.022438 35.930275 255 255 255
v -0.962222 -11.794250 35.868679 255 255 255
v -0.746634 -11.486275 35.653091 255 255 255
v -0.808231 -11.578671 35.375912 255 255 255
v -1.023817 -11.825047 35.252720 255 255 255
v -1.147009 -11.979038 35.683891 255 255 255
v 5.998144 11.242580 36.546246 255 255 255
v 6.182931 10.780613 36.546246 255 255 255
v 6.152132 10.749821 36.731033 255 255 255
v 5.874950 11.334972 36.700233 255 255 255
v 6.213728 11.396572 36.638638 255 255 255
v 6.059738 11.612148 36.700233 255 255 255
v 6.367719 10.903805 36.792625 255 255 255
v 6.429316 10.965405 36.638638 255 255 255
v 6.182931 11.242580 36.515446 255 255 255
v 6.367719 10.873005 36.515446 255 255 255
v 6.275329 10.842213 36.484650 255 255 255
v 6.090538 11.242580 36.484650 255 255 255
v 5.967344 11.673748 36.577042 255 255 255
v 9.139546 5.390980 37.346985 255 255 255
v 8.646780 6.284115 37.162201 255 255 255
v 8.708374 6.191727 36.761826 255 255 255
v 9.139546 5.329380 36.915817 255 255 255
v 8.923962 6.253323 36.669434 255 255 255
v 9.324337 5.390980 36.761826 255 255 255
v 9.108749 6.345715 36.731030 255 255 255
v 9.539922 5.514168 36.854221 255 255 255
v 9.170346 6.438110 36.977413 255 255 255
v 9.632316 5.606564 37.192997 255 255 255
v 8.985556 6.438110 37.223797 255 255 255
v 9.447528 5.544968 37.408585 255 255 255
v 8.615980 6.561298 36.607838 255 255 255
v 8.523586 6.653694 36.977413 255 255 255
v 8.431190 7.177258 36.731030 255 255 255
v 8.431190 7.084862 36.392254 255 255 255
v 8.769971 6.622894 36.546242 255 255 255
v 8.646780 7.146461 36.330658 255 255 255
v 8.954759 6.746086 36.638634 255 255 255
v 8.862365 7.238853 36.392254 255 255 255
v 9.016356 6.807682 36.823425 255 255 255
v 8.893162 7.331245 36.607838 255 255 255
v 8.708374 7.947205 36.392254 255 255 255
v 8.523586 7.885609 36.607838 255 255 255
v 8.708374 7.300453 36.792625 255 255 255
v 8.862365 6.807682 37.039009 255 255 255
v 8.184805 7.731621 36.577042 255 255 255
v 8.123211 8.409176 36.546242 255 255 255
v 7.846030 8.224388 36.577042 255 255 255
v 7.876823 8.193592 36.207466 255 255 255
v 8.215605 7.670021 36.207466 255 255 255
v 8.061614 8.316780 36.145870 255 255 255
v 8.431190 7.762417 36.084274 255 255 255
v 8.246405 8.409176 36.145870 255 255 255
v 8.677574 7.916405 36.176666 255 255 255
v 8.277199 8.439976 36.361454 255 255 255
v 7.322461 9.733486 36.515446 255 255 255
v 7.199270 9.641094 36.669434 255 255 255
v 6.983682 9.456299 36.700233 255 255 255
v 6.983682 9.517899 36.361458 255 255 255
v 7.106873 9.610294 36.269062 255 255 255
v 7.230067 9.702679 36.330658 255 255 255
v 14.313622 13.213642 40.057205 255 255 255
v 14.128834 13.306042 39.718430 255 255 255
v 14.375221 13.306042 39.841621 255 255 255
v 14.344421 13.429234 40.303589 255 255 255
v 14.005640 13.367641 40.088005 255 255 255
v 14.005640 13.059658 39.903217 255 255 255
v 13.759255 12.998066 39.995613 255 255 255
v 13.728458 12.043331 39.903217 255 255 255
v 13.944046 12.043331 39.841621 255 255 255
v 13.636065 13.614017 39.995613 255 255 255
v 13.790055 13.398441 40.026409 255 255 255
v 13.851649 13.860401 39.934013 255 255 255
v 13.666864 14.137585 39.964813 255 255 255
v 13.543671 13.952785 39.533642 255 255 255
v 13.174096 14.630352 39.749229 255 255 255
v 13.358884 14.722744 40.026409 255 255 255
v 13.913249 13.614017 39.502846 255 255 255
v 13.944046 13.244442 39.379654 255 255 255
v 13.543671 13.090458 39.441250 255 255 255
v 17.978592 16.478222 40.519176 255 255 255
v 17.609018 16.047054 40.426781 255 255 255
v 17.455027 16.170246 40.457581 255 255 255
v 17.886200 16.570621 40.549976 255 255 255
v 17.855398 16.447430 40.673164 255 255 255
v 17.516624 16.108654 40.703964 255 255 255
v 17.978592 16.324238 40.673164 255 255 255
v 17.670614 15.923862 40.673164 255 255 255
v 17.732208 15.923862 40.488380 255 255 255
v 18.070990 16.324238 40.549976 255 255 255
v 18.040190 16.570621 40.580772 255 255 255
v 13.358884 18.141308 41.720299 255 255 255
v 13.574471 18.295300 41.843487 255 255 255
v 13.543671 18.449291 41.720299 255 255 255
v 15.299163 2.557571 38.455711 255 255 255
v 15.453151 2.619171 38.301720 255 255 255
v 15.422354 3.727886 39.071667 255 255 255
v 15.268363 3.635498 39.164063 255 255 255
v 15.299163 2.865551 37.839752 255 255 255
v 14.960382 2.927143 37.654964 255 255 255
v 15.021978 3.943474 38.548103 255 255 255
v 15.299163 3.943474 38.640499 255 255 255
v 15.422354 2.773159 38.024540 255 255 255
v 15.453151 3.881882 38.825287 255 255 255
v 15.145172 4.836617 39.133263 255 255 255
v 15.145172 4.744221 39.379646 255 255 255
v 14.960382 4.651829 39.441246 255 255 255
v 14.683200 4.590233 39.318054 255 255 255
v 14.867988 3.635498 39.040871 255 255 255
v 14.837191 2.495975 38.209328 255 255 255
v 14.867988 3.758686 38.794487 255 255 255
v 14.744797 2.711563 37.870552 255 255 255
v 14.806391 4.775021 38.856087 255 255 255
v 15.021978 4.836617 38.948479 255 255 255
v 14.529209 6.130127 39.164063 255 255 255
v 14.436815 6.037735 39.441246 255 255 255
v 14.313622 5.976135 39.502838 255 255 255
v 13.974846 5.822147 39.348854 255 255 255
v 14.652400 4.651829 39.102467 255 255 255
v 14.128834 5.945339 38.856087 255 255 255
v 14.406015 6.068535 39.010075 255 255 255
v 14.067240 6.992470 39.194862 255 255 255
v 14.005640 6.961674 39.379650 255 255 255
v 13.820855 6.900074 39.533638 255 255 255
v 13.543671 6.869282 39.410446 255 255 255
v 13.944046 5.852947 39.102470 255 255 255
v 13.512874 6.838482 39.071671 255 255 255
v 13.697661 6.900074 38.886883 255 255 255
v 14.005640 6.992470 38.979279 255 255 255
v 13.605265 9.117527 39.102470 255 255 255
v 13.882449 9.117527 39.164066 255 255 255
v 13.974846 9.117527 39.318054 255 255 255
v 13.913249 9.086727 39.533642 255 255 255
v 13.697661 9.086727 39.595238 255 255 255
v 13.420481 9.086727 39.502842 255 255 255
v 13.420481 9.086727 39.287258 255 255 255
v 13.420481 12.074123 39.564438 255 255 255
v 13.574471 12.074123 39.287258 255 255 255
v 13.913249 12.074123 39.256462 255 255 255
v 14.036440 12.074123 39.502842 255 255 255
v 13.451274 12.043331 39.718430 255 255 255
v 13.358884 13.706417 39.718430 255 255 255
v 13.389680 13.059658 39.656834 255 255 255
v 12.958508 14.537960 39.841621 255 255 255
v 12.804518 15.431095 39.841621 255 255 255
v 13.020105 15.400303 40.118805 255 255 255
v 13.235689 14.599560 40.180401 255 255 255
v 13.020105 14.537960 40.088005 255 255 255
v 13.420481 13.583225 39.903217 255 255 255
v 13.451274 12.998066 39.841621 255 255 255
v 12.558133 15.307903 39.934017 255 255 255
v 12.434939 15.893070 40.118805 255 255 255
v 12.650530 15.985455 39.964813 255 255 255
v 12.558133 16.478222 40.365189 255 255 255
v 12.681324 16.539829 40.272793 255 255 255
v 12.958508 16.355030 40.488380 255 255 255
v 12.866115 15.893070 40.241997 255 255 255
v 12.712124 15.862263 40.334389 255 255 255
v 12.866115 15.307903 40.241997 255 255 255
v 12.496539 15.831470 40.303589 255 255 255
v 12.650530 15.277111 40.180401 255 255 255
v 12.619730 16.355030 40.580772 255 255 255
v 12.896912 17.217373 40.888752 255 255 255
v 12.989305 17.248173 40.796356 255 255 255
v 13.204893 17.063381 40.950348 255 255 255
v 13.050905 17.032589 41.073540 255 255 255
v 12.773721 16.355030 40.642368 255 255 255
v 12.927709 17.124981 41.042740 255 255 255
v 13.574471 18.079716 41.627903 255 255 255
v 13.482074 18.048923 41.720299 255 255 255
v 14.282825 13.737217 40.026409 255 255 255
v 14.159631 13.583225 39.841621 255 255 255
v 14.652400 13.460033 40.426781 255 255 255
v 14.713997 13.706417 40.211197 255 255 255
v 15.052775 13.583225 40.611568 255 255 255
v 15.052775 13.798817 40.303589 255 255 255
v 14.713997 13.213642 40.241997 255 255 255
v 15.206766 13.306042 40.395985 255 255 255
v 15.637941 14.106785 40.642365 255 255 255
v 15.822729 13.860401 40.519173 255 255 255
v 17.023855 15.092327 40.642368 255 255 255
v 16.808268 15.307903 40.703964 255 255 255
v 15.822729 13.921993 40.272793 255 255 255
v 16.993055 15.153912 40.426781 255 255 255
v 16.869864 15.277111 40.365185 255 255 255
v 16.746674 15.369495 40.426781 255 255 255
v 15.576342 14.260769 40.334389 255 255 255
v 15.145172 13.644817 40.180397 255 255 255
v 14.775597 13.552418 40.057205 255 255 255
v 14.406015 13.552418 39.903217 255 255 255
v 14.775597 13.336842 40.057205 255 255 255
v 15.206766 13.429234 40.180397 255 255 255
v 14.036440 13.090458 39.656834 255 255 255
v 15.699538 14.137585 40.241997 255 255 255
v 19.118122 6.499710 39.502838 255 255 255
v 18.964130 6.499710 39.287254 255 255 255
v 18.902534 6.684486 39.472042 255 255 255
v 18.717747 7.362041 38.794491 255 255 255
v 18.656149 7.392845 38.948479 255 255 255
v 18.656149 6.715286 39.533638 255 255 255
v 18.409765 7.454433 39.040874 255 255 255
v 18.656149 6.592094 39.964809 255 255 255
v 18.902534 7.084862 40.149597 255 255 255
v 18.933334 7.146461 39.841621 255 255 255
v 19.826475 14.784344 43.814552 255 255 255
v 19.888075 14.507160 43.660561 255 255 255
v 19.795681 14.476360 43.691360 255 255 255
v 19.764881 14.722744 43.814552 255 255 255
v 19.734085 14.722744 43.876144 255 255 255
v 19.764881 14.476360 43.814552 255 255 255
v 19.795681 14.414761 43.876144 255 255 255
v 19.764881 14.722744 43.906944 255 255 255
v 20.011267 14.537960 43.691360 255 255 255
v 19.888075 14.784344 43.876144 255 255 255
v 19.918873 14.691952 43.906944 255 255 255
v 19.980467 14.445560 43.845352 255 255 255
v 17.855398 17.617748 37.593376 255 255 255
v 17.978592 17.094181 37.685768 255 255 255
v 17.855398 17.094181 37.716568 255 255 255
v 17.763008 17.648548 37.654972 255 255 255
v 17.947796 17.740940 37.593376 255 255 255
v 18.132584 17.124981 37.716568 255 255 255
v 17.824606 17.771740 37.654972 255 255 255
v 17.732208 17.771740 37.654972 255 255 255
v 17.824606 17.124981 37.901356 255 255 255
v 17.855398 17.710140 37.808960 255 255 255
v 18.009390 17.124981 37.993752 255 255 255
v 18.532959 15.246311 38.825294 255 255 255
v 18.840940 15.862263 38.886887 255 255 255
v 18.871737 15.800678 38.671303 255 255 255
v 18.502159 15.277111 38.578907 255 255 255
v 18.532959 15.307903 38.486515 255 255 255
v 18.409765 15.769871 38.332527 255 255 255
v 18.317375 15.831470 38.424919 255 255 255
v 18.440565 15.246311 38.332527 255 255 255
v 18.409765 15.769871 38.147736 255 255 255
v 18.994930 15.862263 38.609707 255 255 255
v 18.686949 15.215511 38.517311 255 255 255
v 18.009390 17.679340 37.747368 255 255 255
v 18.132584 17.124981 37.901356 255 255 255
v 20.319248 18.695675 39.133270 255 255 255
v 20.257650 18.757267 39.133270 255 255 255
v 20.134457 18.541683 39.102474 255 255 255
v 20.226851 18.480083 39.164070 255 255 255
v 20.380842 18.849667 39.071674 255 255 255
v 20.442442 18.818859 39.040878 255 255 255
v 20.411642 18.664875 39.102474 255 255 255
v 20.380842 18.449291 39.040878 255 255 255
v 20.350048 18.510883 38.886887 255 255 255
v 20.350048 18.788067 38.917686 255 255 255
v 20.226851 18.572483 38.856094 255 255 255
v 18.502159 14.753536 38.394119 255 255 255
v 20.257650 18.788067 39.010078 255 255 255
v 20.103661 18.572483 38.979282 255 255 255
v 17.917000 3.727886 39.472042 255 255 255
v 18.348171 3.604698 39.194862 255 255 255
v 18.779343 5.083004 39.379646 255 255 255
v 18.532959 5.175388 39.656830 255 255 255
v 18.194180 5.360180 39.472042 255 255 255
v 17.732208 3.881882 39.256458 255 255 255
v 18.132584 5.390980 39.256458 255 255 255
v 17.732208 3.912674 39.010071 255 255 255
v 18.964130 5.791355 39.533638 255 255 255
v 18.625355 5.883739 39.810822 255 255 255
v 18.348171 6.191727 39.626030 255 255 255
v 18.871737 6.499710 40.118797 255 255 255
v 19.148922 6.930874 40.365181 255 255 255
v 19.241316 6.499710 40.026405 255 255 255
v 18.902534 6.006935 39.133266 255 255 255
v 19.426100 6.900074 40.241993 255 255 255
v 19.272112 7.731621 40.642365 255 255 255
v 19.487700 7.670021 40.827152 255 255 255
v 20.473238 9.733486 41.997475 255 255 255
v 20.288448 9.856670 41.874283 255 255 255
v 20.350048 9.949070 41.627899 255 255 255
v 19.333710 7.762417 40.334385 255 255 255
v 20.534832 9.979862 41.535503 255 255 255
v 19.487700 7.731621 40.211193 255 255 255
v 19.703285 7.731621 40.303585 255 255 255
v 20.750423 9.856670 41.627899 255 255 255
v 19.764881 7.670021 40.673161 255 255 255
v 20.719624 9.671890 41.966675 255 255 255
v 20.688824 10.318645 42.336250 255 255 255
v 20.504036 10.411030 42.213058 255 255 255
v 20.658026 10.934605 42.613434 255 255 255
v 20.504036 10.965405 42.459442 255 255 255
v 20.565632 11.057796 42.274654 255 255 255
v 20.565632 10.503429 41.966675 255 255 255
v 20.688824 11.088589 42.213058 255 255 255
v 20.719624 10.534229 41.874283 255 255 255
v 20.873613 11.057796 42.274654 255 255 255
v 20.966007 10.503429 41.935879 255 255 255
v 20.935207 10.318645 42.305450 255 255 255
v 20.842813 10.934605 42.551834 255 255 255
v 20.226851 12.289715 43.075401 255 255 255
v 20.226851 12.320507 42.952209 255 255 255
v 20.288448 12.382107 42.829018 255 255 255
v 20.380842 12.412899 42.798218 255 255 255
v 20.504036 12.382107 42.859818 255 255 255
v 20.504036 12.320507 43.075401 255 255 255
v 19.980467 13.306042 43.444977 255 255 255
v 19.918873 13.306042 43.321785 255 255 255
v 19.980467 13.398441 43.198593 255 255 255
v 20.134457 13.429234 43.198593 255 255 255
v 20.257650 13.429234 43.260189 255 255 255
v 20.226851 13.367641 43.414181 255 255 255
v 20.103661 13.952785 43.629765 255 255 255
v 19.949673 13.891209 43.660561 255 255 255
v 19.857275 13.921993 43.598969 255 255 255
v 19.888075 13.983593 43.444977 255 255 255
v 20.011267 14.014385 43.414181 255 255 255
v 20.134457 14.014385 43.475777 255 255 255
v 19.826475 14.722744 43.937744 255 255 255
v 19.857275 14.784344 43.906944 255 255 255
v 19.795681 14.784344 43.876144 255 255 255
v 18.779343 5.236988 39.010075 255 255 255
v 18.255774 3.758686 38.825287 255 255 255
v 17.917000 3.881882 38.825287 255 255 255
v 18.409765 5.329380 39.010075 255 255 255
v 18.532959 5.945339 39.071671 255 255 255
v 18.532959 6.407310 38.948479 255 255 255
v 18.840940 6.438110 39.040871 255 255 255
v 18.348171 7.392845 38.517311 255 255 255
v 18.625355 7.362041 38.578903 255 255 255
v 18.163380 7.516033 38.948479 255 255 255
v 18.317375 6.653694 39.379650 255 255 255
v 18.163380 7.423641 38.671299 255 255 255
v 18.317375 6.468910 39.133266 255 255 255
v 18.255774 5.976135 39.256458 255 255 255
v 17.763008 9.240723 37.593372 255 255 255
v 18.009390 9.302307 37.562576 255 255 255
v 18.163380 9.394707 37.747360 255 255 255
v 18.132584 9.394707 37.932152 255 255 255
v 17.978592 9.333111 38.086140 255 255 255
v 17.763008 9.302307 38.024544 255 255 255
v 17.639814 9.302307 37.839756 255 255 255
v 17.793806 11.581356 37.685768 255 255 255
v 17.886200 11.550564 37.870556 255 255 255
v 17.793806 11.550564 37.993748 255 255 255
v 17.670614 11.550564 38.086140 255 255 255
v 17.516624 11.550564 38.055344 255 255 255
v 17.362633 11.581356 37.901352 255 255 255
v 17.485825 11.612148 37.685768 255 255 255
v 17.793806 12.258915 37.778160 255 255 255
v 17.886200 12.197323 37.962948 255 255 255
v 17.824606 12.197323 38.086140 255 255 255
v 17.701408 12.197323 38.178535 255 255 255
v 17.516624 12.228115 38.147736 255 255 255
v 17.362633 12.289715 37.993748 255 255 255
v 17.455027 12.320507 37.747364 255 255 255
v 17.578218 12.967266 38.147736 255 255 255
v 17.670614 12.967266 37.962952 255 255 255
v 17.917000 12.905666 37.962952 255 255 255
v 18.132584 14.199184 38.332527 255 255 255
v 18.348171 14.137585 38.301727 255 255 255
v 18.009390 12.844067 38.116940 255 255 255
v 18.440565 14.106785 38.455715 255 255 255
v 18.040190 12.813267 38.240128 255 255 255
v 18.471365 14.075985 38.609707 255 255 255
v 17.886200 12.844067 38.363323 255 255 255
v 18.317375 14.137585 38.702099 255 255 255
v 17.670614 12.905666 38.363323 255 255 255
v 18.163380 14.168385 38.671303 255 255 255
v 18.040190 14.199184 38.486511 255 255 255
v 18.255774 14.784344 38.394119 255 255 255
v 18.686949 14.691952 38.548111 255 255 255
v 18.686949 14.691952 38.732895 255 255 255
v 18.532959 14.753536 38.886887 255 255 255
v 18.348171 14.784344 38.763695 255 255 255
v 18.132584 14.815136 38.548111 255 255 255
v 18.132584 15.369495 38.486515 255 255 255
v 18.163380 15.307903 38.301727 255 255 255
v 18.040190 15.831470 38.086143 255 255 255
v 18.286573 15.800678 38.024544 255 255 255
v 18.348171 15.277111 38.209332 255 255 255
v 18.286573 16.355030 37.962952 255 255 255
v 18.132584 16.355030 37.839760 255 255 255
v 18.317375 16.231846 38.178535 255 255 255
v 18.163380 16.324238 38.301727 255 255 255
v 17.947796 16.416630 38.147739 255 255 255
v 18.040190 15.893070 38.363323 255 255 255
v 17.947796 16.355030 37.901356 255 255 255
v 18.779343 15.307903 38.979279 255 255 255
v 19.025730 15.893070 38.979279 255 255 255
v 19.272112 16.478222 39.010078 255 255 255
v 19.118122 16.539829 38.917686 255 255 255
v 19.487700 17.001797 39.102474 255 255 255
v 19.333710 17.094181 39.040878 255 255 255
v 19.364506 17.063381 38.794495 255 255 255
v 19.118122 16.509022 38.732899 255 255 255
v 19.518497 17.032589 38.702103 255 255 255
v 19.241316 16.509022 38.640503 255 255 255
v 19.641691 17.001797 38.763699 255 255 255
v 19.426100 16.447430 38.702103 255 255 255
v 19.179718 15.862263 38.671303 255 255 255
v 18.871737 15.246311 38.640503 255 255 255
v 19.487700 16.416630 38.886887 255 255 255
v 19.241316 15.831470 38.856091 255 255 255
v 18.933334 15.246311 38.825294 255 255 255
v 19.703285 16.970989 38.917686 255 255 255
v 20.103661 17.740940 39.010078 255 255 255
v 19.888075 17.802532 39.102474 255 255 255
v 19.764881 17.833340 39.040878 255 255 255
v 19.764881 17.864132 38.886887 255 255 255
v 19.888075 17.833340 38.732899 255 255 255
v 20.042067 17.771740 38.794495 255 255 255
v 19.148922 7.115662 39.749226 255 255 255
v 19.333710 7.054070 39.872417 255 255 255
v 16.962257 7.392845 32.819698 255 255 255
v 16.777468 6.961674 32.542515 255 255 255
v 16.531082 7.454433 32.573315 255 255 255
v 16.531082 9.456299 33.096878 255 255 255
v 16.315498 8.747952 32.912090 255 255 255
v 16.438688 8.686352 33.250870 255 255 255
v 16.623480 9.456299 33.343262 255 255 255
v 17.362633 7.208057 32.973686 255 255 255
v 16.469488 6.961674 33.066078 255 255 255
v 17.023855 6.468910 33.004486 255 255 255
v 16.592680 7.577629 32.881290 255 255 255
v 16.315498 7.670021 33.158474 255 255 255
v 16.377092 7.392845 33.096878 255 255 255
v 17.116249 7.392845 32.573315 255 255 255
v 17.270239 7.269646 32.265335 255 255 255
v 16.839064 9.425507 33.250870 255 255 255
v 16.715874 8.655552 33.066082 255 255 255
v 16.715874 9.456299 33.066082 255 255 255
v 16.561882 8.717152 32.850494 255 255 255
v 16.685074 9.641094 33.158474 255 255 255
v 21.458776 14.414761 34.729172 255 255 255
v 21.212393 14.229977 34.267200 255 255 255
v 21.027601 14.229977 34.297997 255 255 255
v 21.458776 14.414761 34.790764 255 255 255
v 21.273989 14.322369 34.729172 255 255 255
v 20.935207 14.137585 34.390392 255 255 255
v 21.335583 14.229977 34.790764 255 255 255
v 21.027601 13.952785 34.451988 255 255 255
v 21.212393 13.921993 34.390392 255 255 255
v 21.520374 14.322369 34.852364 255 255 255
v 21.551167 14.353161 34.790764 255 255 255
v 21.304787 14.075985 34.297997 255 255 255
v 16.839064 5.945339 33.096878 255 255 255
v 16.531082 6.499710 33.035282 255 255 255
v 16.531082 6.006935 33.004486 255 255 255
v 16.223104 5.021404 33.404854 255 255 255
v 16.654276 4.959808 33.404854 255 255 255
v 16.407892 6.499710 32.696503 255 255 255
v 16.407892 5.976135 32.758099 255 255 255
v 16.007517 4.775021 33.158470 255 255 255
v 16.746674 6.499710 32.419323 255 255 255
v 16.592680 5.914539 32.450119 255 255 255
v 16.284698 4.959808 32.758099 255 255 255
v 17.147045 6.376511 32.419323 255 255 255
v 16.931458 5.791355 32.511715 255 255 255
v 16.561882 4.744221 32.912090 255 255 255
v 17.331833 6.314915 32.604111 255 255 255
v 17.116249 5.729755 32.696503 255 255 255
v 16.869864 5.083004 33.096878 255 255 255
v 17.054651 5.822147 32.942886 255 255 255
v 17.208643 6.376511 32.881290 255 255 255
v 17.609018 7.146461 32.819698 255 255 255
v 17.639814 7.700829 32.942886 255 255 255
v 17.855398 7.639229 32.819698 255 255 255
v 18.101784 8.162788 32.819698 255 255 255
v 17.886200 8.224388 32.912090 255 255 255
v 17.639814 8.255180 32.788898 255 255 255
v 17.362633 7.793221 32.758099 255 255 255
v 17.639814 8.255180 32.573315 255 255 255
v 17.362633 7.824017 32.573315 255 255 255
v 17.763008 8.224388 32.357727 255 255 255
v 17.516624 7.762417 32.296131 255 255 255
v 17.516624 7.146461 32.357727 255 255 255
v 17.639814 7.084862 32.573311 255 255 255
v 17.886200 7.608429 32.542519 255 255 255
v 18.132584 8.131992 32.542519 255 255 255
v 18.348171 9.671886 32.727303 255 255 255
v 18.163380 9.702679 32.850494 255 255 255
v 17.886200 9.764278 32.758102 255 255 255
v 17.824606 9.764278 32.511719 255 255 255
v 18.009390 9.702679 32.326931 255 255 255
v 18.348171 9.671886 32.357727 255 255 255
v 17.978592 8.162788 32.388527 255 255 255
v 17.763008 7.670021 32.388527 255 255 255
v 18.378967 10.626629 32.419327 255 255 255
v 18.471365 10.626629 32.665707 255 255 255
v 18.286573 10.657421 32.819698 255 255 255
v 18.009390 10.749821 32.727306 255 255 255
v 17.886200 10.749821 32.450123 255 255 255
v 18.132584 10.688221 32.296135 255 255 255
v 18.656149 11.242580 32.604115 255 255 255
v 18.563755 11.273373 32.388527 255 255 255
v 18.840940 11.735348 32.265335 255 255 255
v 18.871737 11.704548 32.573315 255 255 255
v 18.717747 11.827740 32.696507 255 255 255
v 18.532959 11.304173 32.758102 255 255 255
v 18.471365 12.012524 32.634911 255 255 255
v 18.194180 11.458164 32.727306 255 255 255
v 18.440565 11.981731 32.357731 255 255 255
v 18.163380 11.458164 32.326931 255 255 255
v 18.594555 11.858540 32.172943 255 255 255
v 18.378967 11.334972 32.265335 255 255 255
v 19.549297 12.443707 32.111347 255 255 255
v 19.980467 12.874866 32.480923 255 255 255
v 19.918873 12.782475 32.727306 255 255 255
v 19.518497 12.351315 32.511719 255 255 255
v 19.764881 12.844067 32.912094 255 255 255
v 19.333710 12.505291 32.665710 255 255 255
v 19.610891 13.090458 32.758102 255 255 255
v 19.148922 12.720875 32.573315 255 255 255
v 19.641691 13.213642 32.573315 255 255 255
v 19.148922 12.782475 32.296135 255 255 255
v 19.795681 13.121250 32.388531 255 255 255
v 19.333710 12.659283 32.080547 255 255 255
v 20.442442 13.706417 33.004486 255 255 255
v 20.627226 13.429234 33.066082 255 255 255
v 20.473238 13.306042 33.281666 255 255 255
v 20.288448 13.336842 33.404858 255 255 255
v 20.165257 13.552418 33.343266 255 255 255
v 20.226851 13.737217 33.158478 255 255 255
v 20.904411 14.014385 33.805233 255 255 255
v 21.027601 13.829609 33.836029 255 255 255
v 20.935207 13.675617 33.959221 255 255 255
v 20.750423 13.706417 34.051613 255 255 255
v 20.627226 13.921993 33.990021 255 255 255
v 20.719624 14.075985 33.866829 255 255 255
v 16.284698 6.992470 32.696503 255 255 255
v 16.130707 7.485241 32.727303 255 255 255
v 16.130707 7.731621 32.727303 255 255 255
v 16.500288 7.670021 32.634911 255 255 255
v 16.438688 7.916405 32.696507 255 255 255
v 16.099913 7.978001 32.758099 255 255 255
v 16.531082 7.824017 32.942886 255 255 255
v 16.315498 7.916405 33.189270 255 255 255
v 12.927709 -29.595442 33.127655 255 255 255
v 13.944046 -29.195068 33.066059 255 255 255
v 13.266490 -27.316399 33.066063 255 255 255
v 12.126958 -27.716772 33.220051 255 255 255
v 11.233816 -25.745705 33.281647 255 255 255
v 12.311749 -25.530119 32.850479 255 255 255
v 14.806391 -46.072319 32.819672 255 255 255
v 16.130707 -46.010723 32.511688 255 255 255
v 16.130707 -43.516094 32.850468 255 255 255
v 14.806391 -43.546890 33.220039 255 255 255
v 13.728458 -40.929070 32.665680 255 255 255
v 14.837191 -40.959869 33.250843 255 255 255
v 14.713997 -38.680824 33.374035 255 255 255
v 13.728458 -38.619225 32.788876 255 255 255
v 15.976717 -40.990665 33.035255 255 255 255
v 15.884323 -38.650024 33.127651 255 255 255
v 16.685074 -38.650024 32.419300 255 255 255
v 14.621606 -36.370979 33.404835 255 255 255
v 15.822729 -36.309387 33.281643 255 255 255
v 15.791932 -34.646297 33.343239 255 255 255
v 14.498412 -34.707893 33.497231 255 255 255
v 13.697661 -36.309387 32.912067 255 255 255
v 13.605265 -34.646297 33.004463 255 255 255
v 16.592680 -36.340183 32.604088 255 255 255
v 16.531082 -34.677097 32.696484 255 255 255
v 15.637941 -32.983212 33.127655 255 255 255
v 16.407892 -32.983212 32.758080 255 255 255
v 16.223104 -30.734964 32.819679 255 255 255
v 15.483951 -30.734964 33.127655 255 255 255
v 14.375221 -33.044807 33.374039 255 255 255
v 14.313622 -30.796560 33.220047 255 255 255
v 13.482074 -32.952415 33.158451 255 255 255
v 13.482074 -30.734964 33.158455 255 255 255
v 14.837191 -29.595442 32.881271 255 255 255
v 15.422354 -29.687836 33.158455 255 255 255
v 15.545547 -28.671503 33.189251 255 255 255
v 15.021978 -28.363523 32.912071 255 255 255
v 16.284698 -29.811028 32.912071 255 255 255
v 16.346298 -28.856293 33.004467 255 255 255
v 14.590806 -26.946821 32.696487 255 255 255
v 14.713997 -27.870760 32.511700 255 255 255
v 15.052775 -27.254801 33.250851 255 255 255
v 15.884323 -27.655174 33.281647 255 255 255
v 16.407892 -27.901558 33.004467 255 255 255
v 16.346298 -51.307964 33.189240 255 255 255
v 16.315498 -50.692005 32.480888 255 255 255
v 15.391557 -50.661209 32.573284 255 255 255
v 15.699538 -51.307964 33.127647 255 255 255
v 17.177843 -51.369560 32.265305 255 255 255
v 15.514748 -25.252934 34.575161 255 255 255
v 14.713997 -25.160543 34.482765 255 255 255
v 16.315498 -25.129744 34.082394 255 255 255
v 16.808268 -27.254801 32.727287 255 255 255
v 16.531082 -25.006556 33.558830 255 255 255
v 14.282825 -25.037350 33.959202 255 255 255
v 14.282825 -24.760172 33.374043 255 255 255
v 15.884323 -21.834370 33.928406 255 255 255
v 15.884323 -24.667776 32.419308 255 255 255
v 15.360757 -24.606184 32.419308 255 255 255
v 15.299163 -21.803574 34.020798 255 255 255
v 14.713997 -24.606184 32.788883 255 255 255
v 14.406015 -22.019157 34.051598 255 255 255
v 16.592680 -22.173149 34.113194 255 255 255
v 16.438688 -24.790970 32.850479 255 255 255
v 16.746674 -22.511925 34.575161 255 255 255
v 16.377092 -22.881496 35.345108 255 255 255
v 15.391557 -23.035488 35.776279 255 255 255
v 14.313622 -23.066282 35.653088 255 255 255
v 13.882449 -22.789103 35.037128 255 255 255
v 14.067240 -22.511925 34.328777 255 255 255
v 16.007517 -21.895966 35.899471 255 255 255
v 15.730332 -20.879635 35.714684 255 255 255
v 15.360757 -21.926765 35.961067 255 255 255
v 15.268363 -20.756447 35.006332 255 255 255
v 15.329960 -21.156818 35.714684 255 255 255
v 15.761132 -20.633251 34.421173 255 255 255
v 15.576342 -20.417664 35.098728 255 255 255
v 15.329960 -21.126019 34.451969 255 255 255
v 16.407892 -20.694847 34.267181 255 255 255
v 16.869864 -21.280006 34.636757 255 255 255
v 16.869864 -21.618786 35.221920 255 255 255
v 16.654276 -21.433998 35.745483 255 255 255
v 17.177843 -19.801708 34.852345 255 255 255
v 17.301033 -19.924900 35.529900 255 255 255
v 16.931458 -19.832508 36.053463 255 255 255
v 16.315498 -19.678516 36.022663 255 255 255
v 15.822729 -19.401337 35.622292 255 255 255
v 16.038317 -19.432137 34.759949 255 255 255
v 16.654276 -19.555325 34.605961 255 255 255
v 17.208643 -18.261814 35.591496 255 255 255
v 16.777468 -18.261814 36.084259 255 255 255
v 17.023855 -18.292610 34.883141 255 255 255
v 16.561882 -18.231014 34.667557 255 255 255
v 16.007517 -18.107822 34.883141 255 255 255
v 15.730332 -18.077026 35.653091 255 255 255
v 16.192307 -18.200214 36.145859 255 255 255
v 17.208643 -15.859577 35.406708 255 255 255
v 16.715874 -16.013561 36.022667 255 255 255
v 17.085449 -16.167553 34.667557 255 255 255
v 16.469488 -16.136761 34.390377 255 255 255
v 15.853526 -15.366806 34.913940 255 255 255
v 15.422354 -16.044361 35.622295 255 255 255
v 15.915123 -16.229149 36.176655 255 255 255
v 16.192307 -15.366806 36.330647 255 255 255
v 15.668738 -15.674786 36.238251 255 255 255
v 16.531082 -15.336014 35.837879 255 255 255
v 16.346298 -14.843243 36.145859 255 255 255
v 16.223104 -14.350479 35.807083 255 255 255
v 16.377092 -14.658455 35.499104 255 255 255
v 17.116249 -15.028034 35.252716 255 255 255
v 16.685074 -14.504471 35.283516 255 255 255
v 16.253901 -14.596859 35.221924 255 255 255
v 15.945923 -14.381279 35.437508 255 255 255
v 16.469488 -14.319683 35.067932 255 255 255
v 16.007517 -14.658455 35.067932 255 255 255
v 15.761132 -14.442871 35.314316 255 255 255
v 15.391557 -14.935642 35.191124 255 255 255
v 16.161507 -14.904842 34.421177 255 255 255
v 17.239439 -15.428406 34.421173 255 255 255
v 16.685074 -15.397606 34.143993 255 255 255
v 16.869864 -13.919308 34.852348 255 255 255
v 17.331833 -14.196487 34.729156 255 255 255
v 17.547421 -13.241749 34.359581 255 255 255
v 17.054651 -13.056969 34.328785 255 255 255
v 16.746674 -13.118565 34.051601 255 255 255
v 16.407892 -13.857716 34.451973 255 255 255
v 16.746674 -13.826916 34.729156 255 255 255
v 16.469488 -14.258083 33.990005 255 255 255
v 16.869864 -13.334148 33.528038 255 255 255
v 17.023855 -14.596859 33.836014 255 255 255
v 17.393431 -13.518936 33.435642 255 255 255
v 17.393431 -14.596859 34.143993 255 255 255
v 17.670614 -13.488136 33.743622 255 255 255
v 14.159631 -22.419529 36.053459 255 255 255
v 13.574471 -22.142349 35.314312 255 255 255
v 13.728458 -21.680378 34.698353 255 255 255
v 14.128834 -21.218410 34.482769 255 255 255
v 14.837191 -20.848839 34.975533 255 255 255
v 14.960382 -20.910435 35.961067 255 255 255
v 6.798894 -21.433998 34.051598 255 255 255
v 4.920212 -18.970165 35.406708 255 255 255
v 4.119462 -19.216545 35.529900 255 255 255
v 6.244528 -21.803574 34.113194 255 255 255
v 3.996268 -19.216545 34.975533 255 255 255
v 5.905750 -21.988358 33.651226 255 255 255
v 4.181058 -19.062553 34.575165 255 255 255
v 3.195520 -17.861443 35.221920 255 255 255
v 3.010730 -18.015430 35.437504 255 255 255
v 0.269701 -15.274418 35.683891 255 255 255
v 0.454490 -14.997234 35.375912 255 255 255
v 3.472702 -17.615055 35.129528 255 255 255
v 0.639279 -14.750851 35.375912 255 255 255
v 3.749886 -17.491863 35.314316 255 255 255
v 0.916462 -14.596859 35.776283 255 255 255
v 3.811480 -17.584259 35.837879 255 255 255
v 0.824068 -14.781651 36.269051 255 255 255
v 3.103123 -17.984634 35.961067 255 255 255
v 0.423692 -15.182026 36.145859 255 255 255
v -0.161471 -14.596859 36.207455 255 255 255
v -0.007480 -14.350479 36.238251 255 255 255
v 0.423692 -14.073296 36.115059 255 255 255
v 0.454490 -14.011703 35.622295 255 255 255
v 0.146509 -14.258083 35.314316 255 255 255
v -0.192270 -14.658455 35.499104 255 255 255
v -0.192270 -14.904842 35.776283 255 255 255
v -0.315462 -14.073296 36.053467 255 255 255
v -0.592645 -14.258083 36.053467 255 255 255
v -0.531049 -13.919308 35.837879 255 255 255
v -0.746634 -13.980904 35.776283 255 255 255
v -0.561846 -13.826916 35.499104 255 255 255
v -0.715837 -13.919308 35.529900 255 255 255
v -0.407856 -13.888508 35.345116 255 255 255
v -0.561846 -13.980904 35.345116 255 255 255
v -0.346259 -14.350479 35.345116 255 255 255
v -0.130674 -14.011703 35.283516 255 255 255
v -0.869826 -14.258083 35.375912 255 255 255
v -0.931422 -14.566067 35.437508 255 255 255
v -0.900625 -14.011703 35.345116 255 255 255
v -0.993020 -13.919308 35.499104 255 255 255
v -1.023817 -14.042496 35.714687 255 255 255
v -0.962222 -14.319683 35.868675 255 255 255
v -0.685039 -14.689255 35.745483 255 255 255
v -0.931422 -14.566067 35.776283 255 255 255
v -1.485788 -14.288883 35.160324 255 255 255
v -1.670577 -14.288883 35.437508 255 255 255
v -1.578183 -14.196487 35.622295 255 255 255
v -1.485788 -13.950104 35.591496 255 255 255
v -1.362595 -13.765320 35.375912 255 255 255
v -1.331797 -13.888508 35.191124 255 255 255
v -1.886163 -13.488136 34.883144 255 255 255
v -2.070951 -13.518936 34.975536 255 255 255
v -2.040154 -13.364944 35.283516 255 255 255
v -1.793768 -13.241749 35.191124 255 255 255
v -1.732172 -13.303349 35.006336 255 255 255
v -2.163346 -12.471806 34.852348 255 255 255
v -2.440529 -12.779785 34.975540 255 255 255
v -2.563721 -12.902977 34.790752 255 255 255
v -2.440529 -12.410213 35.006336 255 255 255
v -2.686913 -12.502605 35.006336 255 255 255
v -2.964097 -12.225422 35.129532 255 255 255
v -2.810106 -12.502605 34.913944 255 255 255
v -2.902500 -12.194626 35.283516 255 255 255
v -2.810106 -12.071434 35.283516 255 255 255
v -2.902500 -12.656593 34.975540 255 255 255
v -2.810106 -12.841377 35.006336 255 255 255
v -2.779307 -12.902977 34.821548 255 255 255
v -2.902500 -12.102234 34.975540 255 255 255
v -2.378934 -12.225422 34.790752 255 255 255
v -2.810106 -11.979038 35.067932 255 255 255
v -3.241280 -11.917442 35.345116 255 255 255
v -3.210479 -11.825047 35.283516 255 255 255
v -3.148884 -11.948242 35.437508 255 255 255
v -3.025692 -11.855846 35.468304 255 255 255
v -3.025692 -11.794250 35.345116 255 255 255
v -3.487663 -11.547871 35.499104 255 255 255
v -3.518462 -11.701862 35.591499 255 255 255
v -3.364472 -11.455475 35.560699 255 255 255
v -3.302875 -11.547871 35.714691 255 255 255
v -3.395269 -11.701862 35.745487 255 255 255
v -3.641653 -11.455475 35.961071 255 255 255
v -3.764846 -11.486275 35.868679 255 255 255
v -3.734047 -11.332287 35.683891 255 255 255
v -3.641653 -11.209091 35.776283 255 255 255
v -3.610855 -11.270687 35.961075 255 255 255
v -3.703250 -11.209091 35.961075 255 255 255
v -3.764846 -11.301487 35.991871 255 255 255
v -3.826442 -11.332287 35.930275 255 255 255
v -3.795644 -11.239887 35.837883 255 255 255
v -3.734047 -11.178295 35.868679 255 255 255
v -3.703250 -13.118565 35.191124 255 255 255
v -3.672452 -13.241749 34.975536 255 255 255
v -3.764846 -12.964573 35.129532 255 255 255
v -2.902500 -12.625793 34.821548 255 255 255
v -3.795644 -12.964573 34.913944 255 255 255
v -4.657990 -13.488136 35.345116 255 255 255
v -4.688788 -13.549732 35.221924 255 255 255
v -4.657990 -13.426540 35.067932 255 255 255
v -4.657990 -13.272549 35.283516 255 255 255
v -4.657990 -13.272549 35.160324 255 255 255
v -4.873576 -13.457340 35.283516 255 255 255
v -4.873576 -13.518936 35.314316 255 255 255
v -4.904375 -13.457340 35.221924 255 255 255
v -4.873576 -13.518936 35.191124 255 255 255
v -4.842779 -13.549732 35.252720 255 255 255
v 15.114372 -15.274418 35.776283 255 255 255
v 14.590806 -13.826916 36.022667 255 255 255
v 14.837191 -13.611332 35.560699 255 255 255
v 15.329960 -13.426540 35.529900 255 255 255
v 15.730332 -13.364944 35.991867 255 255 255
v 15.853526 -13.549732 36.484634 255 255 255
v 15.514748 -13.796116 36.638626 255 255 255
v 14.929585 -13.950104 36.546234 255 255 255
v 15.052775 -11.640263 36.299850 255 255 255
v 14.991181 -11.701862 36.731018 255 255 255
v 14.683200 -11.732662 35.868679 255 255 255
v 14.282825 -11.979038 36.022667 255 255 255
v 14.036440 -12.256222 36.515434 255 255 255
v 14.344421 -12.348618 36.854210 255 255 255
v 14.775597 -12.071434 36.977402 255 255 255
v 13.820855 -9.576805 37.654957 255 255 255
v 14.128834 -9.422813 37.254585 255 255 255
v 13.328083 -9.853981 37.377777 255 255 255
v 13.204893 -9.792385 36.946606 255 255 255
v 13.451274 -9.546005 36.392242 255 255 255
v 13.882449 -9.453613 36.361446 255 255 255
v 14.221231 -9.392014 36.731022 255 255 255
v 13.820855 -8.652866 37.747353 255 255 255
v 14.159631 -8.622066 37.377777 255 255 255
v 14.221231 -8.622066 36.854214 255 255 255
v 13.790055 -8.683666 36.484638 255 255 255
v 13.235689 -8.806858 36.515434 255 255 255
v 13.020105 -8.960850 37.039001 255 255 255
v 13.235689 -8.899254 37.562565 255 255 255
v 13.944046 -3.140041 37.162193 255 255 255
v 13.605265 -3.109241 37.562569 255 255 255
v 13.728458 -3.201633 37.962940 255 255 255
v 14.344421 -3.324829 38.055336 255 255 255
v 14.621606 -3.417217 37.716557 255 255 255
v 14.436815 -3.294037 37.285385 255 255 255
v 14.159631 -2.493290 37.254589 255 255 255
v 14.560006 -2.708866 37.223793 255 255 255
v 13.851649 -2.400887 37.716557 255 255 255
v 13.944046 -2.524090 38.055336 255 255 255
v 14.467612 -2.647274 38.055336 255 255 255
v 14.837191 -2.832058 37.624165 255 255 255
v 15.052775 -1.630943 37.962944 255 255 255
v 15.329960 -1.815735 37.531769 255 255 255
v 15.853526 -0.799400 37.439377 255 255 255
v 15.668738 -0.368229 38.055336 255 255 255
v 15.268363 -0.399029 38.055336 255 255 255
v 14.590806 -1.507755 38.024536 255 255 255
v 14.898787 -0.368229 37.593369 255 255 255
v 14.375221 -1.415359 37.654961 255 255 255
v 15.083575 -0.460625 37.131401 255 255 255
v 14.560006 -1.538548 37.223793 255 255 255
v 15.422354 -0.737801 36.977409 255 255 255
v 14.991181 -1.723343 37.100601 255 255 255
v 15.453151 0.832893 37.254593 255 255 255
v 15.976717 0.586506 36.915813 255 255 255
v 15.299163 0.956078 37.593369 255 255 255
v 15.761132 0.894482 38.086136 255 255 255
v 16.161507 0.309322 38.055336 255 255 255
v 16.623480 0.894482 37.839752 255 255 255
v 16.931458 1.572041 38.270924 255 255 255
v 16.069113 -0.245041 37.285389 255 255 255
v 16.561882 0.648106 37.192993 255 255 255
v 15.915123 1.479645 38.178528 255 255 255
v 16.561882 1.972412 38.517307 255 255 255
v 16.592680 2.311188 38.301720 255 255 255
v 15.976717 2.034004 38.116932 255 255 255
v 16.592680 2.372784 38.116932 255 255 255
v 16.038317 2.126400 37.993744 255 255 255
v 16.469488 2.157200 37.716560 255 255 255
v 16.069113 2.064804 37.593369 255 255 255
v 15.268363 1.510445 38.024540 255 255 255
v 15.514748 1.818424 38.178528 255 255 255
v 15.607141 2.188000 38.178528 255 255 255
v 15.114372 1.602837 37.685760 255 255 255
v 15.360757 1.695229 37.254593 255 255 255
v 15.576342 1.541245 37.069805 255 255 255
v 15.668738 2.126400 37.285389 255 255 255
v 15.884323 1.972412 37.162197 255 255 255
v 16.192307 2.003212 37.377785 255 255 255
v 15.915123 2.064804 36.669434 255 255 255
v 16.377092 1.910816 37.162197 255 255 255
v 15.730332 1.664429 36.577038 255 255 255
v 15.791932 1.110069 36.515442 255 255 255
v 16.099913 0.986877 36.515442 255 255 255
v 15.083575 2.003212 37.377785 255 255 255
v 15.268363 2.403584 37.377785 255 255 255
v 15.483951 2.403584 37.593369 255 255 255
v 15.637941 2.341984 37.808952 255 255 255
v 16.839064 1.510445 37.377785 255 255 255
v 16.746674 1.418053 37.069805 255 255 255
v 16.962257 1.787624 37.716560 255 255 255
v 17.393431 2.434376 38.209328 255 255 255
v 17.485825 2.157200 38.394112 255 255 255
v 12.804518 -19.740112 36.946602 255 255 255
v 14.867988 -21.711178 36.361439 255 255 255
v 13.512874 -19.278145 37.038994 255 255 255
v 13.913249 -19.000961 36.638622 255 255 255
v 12.527333 -19.801708 36.453835 255 255 255
v 12.588930 -19.462929 35.930271 255 255 255
v 12.989305 -19.154953 35.653088 255 255 255
v 13.697661 -18.939365 35.899471 255 255 255
v 12.096164 -18.077026 36.669422 255 255 255
v 12.465739 -17.799843 36.392239 255 255 255
v 12.096164 -18.477398 37.192986 255 255 255
v 12.404142 -18.538994 37.562561 255 255 255
v 13.266490 -18.169418 37.593357 255 255 255
v 13.543671 -17.861443 37.100594 255 255 255
v 13.204893 -17.769047 36.484634 255 255 255
v 12.773721 -16.290745 38.363308 255 255 255
v 12.126958 -16.444736 38.424904 255 255 255
v 11.788182 -16.629524 37.808945 255 255 255
v 11.849779 -16.444736 37.439369 255 255 255
v 12.096164 -16.198353 37.192986 255 255 255
v 12.773721 -16.075157 37.285381 255 255 255
v 13.143296 -16.013561 38.147720 255 255 255
v 12.373345 -15.366806 38.794479 255 255 255
v 12.434939 -15.151226 37.778145 255 255 255
v 11.664989 -15.336014 37.562561 255 255 255
v 11.480198 -15.736389 38.209316 255 255 255
v 11.449404 -15.551598 37.808945 255 255 255
v 11.818979 -15.643990 38.794479 255 255 255
v 11.695788 -13.826916 38.394104 255 255 255
v 11.695788 -14.104095 39.133255 255 255 255
v 11.018229 -13.980904 38.024529 255 255 255
v 10.679450 -14.288883 38.301712 255 255 255
v 10.741047 -14.566067 38.763680 255 255 255
v 11.141422 -14.566067 39.194851 255 255 255
v 10.186681 -11.794250 39.934002 255 255 255
v 10.125088 -11.486275 39.225647 255 255 255
v 9.663116 -12.133030 40.057194 255 255 255
v 9.262740 -12.163826 39.626022 255 255 255
v 9.262740 -12.009838 39.071659 255 255 255
v 9.632316 -11.763454 38.856075 255 255 255
v 8.677574 -9.238022 39.995602 255 255 255
v 8.646780 -9.422813 40.765549 255 255 255
v 8.246405 -9.946377 40.919537 255 255 255
v 7.876823 -10.192760 40.519161 255 255 255
v 7.876823 -10.069569 39.934002 255 255 255
v 8.307999 -9.823185 39.656822 255 255 255
v 7.322461 -9.176430 40.211182 255 255 255
v 7.199270 -9.268826 40.703949 255 255 255
v 7.507248 -9.084038 41.196716 255 255 255
v 8.000020 -8.683666 41.073524 255 255 255
v 8.061614 -8.468079 40.241985 255 255 255
v 7.692039 -8.930050 39.964802 255 255 255
v 5.905750 -7.636536 40.426773 255 255 255
v 6.059738 -7.482548 39.995602 255 255 255
v 6.460113 -7.266960 39.872410 255 255 255
v 6.798894 -6.866585 40.211185 255 255 255
v 6.768095 -6.958981 40.919537 255 255 255
v 6.336922 -7.451748 41.011932 255 255 255
v 4.920212 -5.265099 39.749218 255 255 255
v 5.258990 -4.926319 40.149590 255 255 255
v 4.643027 -5.634670 39.841614 255 255 255
v 4.458240 -5.911858 40.272781 255 255 255
v 4.889412 -6.035046 41.073528 255 255 255
v 5.043403 -5.295895 40.919540 255 255 255
v 3.349511 -4.063976 39.903206 255 255 255
v 3.226317 -4.217964 40.365173 255 255 255
v 3.503499 -4.217964 40.981133 255 255 255
v 4.057865 -3.848392 40.981136 255 255 255
v 4.242652 -3.663605 40.611561 255 255 255
v 3.996268 -3.940788 39.841614 255 255 255
v 2.764345 -0.984188 41.011932 255 255 255
v 2.641154 -1.076584 41.227520 255 255 255
v 2.209982 -1.261368 41.381508 255 255 255
v 1.748010 -1.415359 40.981136 255 255 255
v 1.809607 -1.261368 40.488373 255 255 255
v 2.517960 -1.076584 40.334381 255 255 255
v 1.501625 1.602837 41.412308 255 255 255
v 1.347635 1.541248 41.658691 255 255 255
v 0.885662 1.233269 41.781883 255 255 255
v 0.577682 1.110069 41.443108 255 255 255
v 0.608479 1.140869 40.888744 255 255 255
v 1.286038 1.479645 40.703957 255 255 255
v 0.516087 1.756824 40.611565 255 255 255
v 1.193644 1.818424 40.549969 255 255 255
v 0.269701 1.787624 41.319916 255 255 255
v 0.608479 1.572044 41.843475 255 255 255
v 1.070453 2.064808 41.781883 255 255 255
v 0.362096 2.249603 41.720291 255 255 255
v 1.624819 1.910816 41.443108 255 255 255
v 1.440028 2.064804 40.888744 255 255 255
v 1.470825 2.280392 40.365181 255 255 255
v 1.748010 2.341984 41.104328 255 255 255
v 1.501625 2.372784 40.765553 255 255 255
v 1.686413 2.711563 40.888744 255 255 255
v 1.501625 2.588371 40.734756 255 255 255
v 1.440028 2.619171 40.334381 255 255 255
v 1.286038 2.803959 40.519169 255 255 255
v 1.316835 2.773159 40.827148 255 255 255
v 1.532422 2.927143 41.011936 255 255 255
v 1.039653 2.957947 40.673157 255 255 255
v 1.070453 2.865551 40.981140 255 255 255
v 1.316835 2.957947 41.165924 255 255 255
v 1.840404 2.465176 41.566299 255 255 255
v 1.594019 2.095608 41.627892 255 255 255
v 1.501625 2.619175 41.689491 255 255 255
v 1.255241 2.803963 41.627895 255 255 255
v 0.916462 2.495979 41.720291 255 255 255
v 1.286038 3.019543 41.535500 255 255 255
v 0.978056 2.927143 41.535500 255 255 255
v 1.286038 3.081135 41.381512 255 255 255
v 1.039653 3.019543 41.350712 255 255 255
v 0.392895 2.680767 41.751083 255 255 255
v 0.700875 2.988750 41.627895 255 255 255
v 0.023316 2.588371 41.381512 255 255 255
v 0.023316 2.649971 41.011936 255 255 255
v 0.423692 2.341984 40.334381 255 255 255
v 0.238904 2.495975 40.796349 255 255 255
v 0.177307 3.265923 40.765553 255 255 255
v 0.392895 3.050335 40.734756 255 255 255
v 0.577682 3.081135 40.827148 255 255 255
v 0.485289 3.358315 40.919544 255 255 255
v 0.700875 3.050335 40.611565 255 255 255
v 0.546884 3.019543 40.549969 255 255 255
v 0.824068 2.957947 40.950340 255 255 255
v 0.608479 3.296722 41.073532 255 255 255
v 0.824068 3.173531 41.258320 255 255 255
v 0.885662 2.988747 40.734756 255 255 255
v 17.947796 -9.853981 32.788891 255 255 255
v 17.732208 -11.763454 32.942875 255 255 255
v 17.239439 -11.578671 33.127666 255 255 255
v 17.424231 -9.792385 32.942879 255 255 255
v 17.978592 -11.763454 33.250858 255 255 255
v 18.348171 -9.946377 33.035271 255 255 255
v 18.132584 -9.946377 33.651230 255 255 255
v 17.793806 -11.578671 33.836018 255 255 255
v 17.301033 -11.424679 33.897614 255 255 255
v 17.639814 -9.946377 33.774422 255 255 255
v 17.393431 -9.884781 33.466442 255 255 255
v 17.054651 -11.517071 33.589634 255 255 255
v 18.594555 -8.652866 33.158463 255 255 255
v 18.625355 -7.790524 33.312454 255 255 255
v 18.594555 -7.790524 33.928413 255 255 255
v 18.532959 -8.652866 33.866817 255 255 255
v 18.132584 -7.882919 34.051605 255 255 255
v 18.040190 -8.652866 33.959213 255 255 255
v 17.824606 -7.975311 33.805222 255 255 255
v 17.732208 -8.560474 33.682030 255 255 255
v 17.763008 -7.913715 33.312454 255 255 255
v 17.701408 -8.529675 33.189262 255 255 255
v 18.163380 -7.821320 33.004478 255 255 255
v 18.163380 -8.529675 32.881283 255 255 255
v 17.331833 -5.049511 33.651234 255 255 255
v 17.270239 -5.203503 34.020805 255 255 255
v 17.085449 -4.926319 33.990013 255 255 255
v 16.962257 -4.649139 33.589638 255 255 255
v 17.609018 -4.618340 33.528042 255 255 255
v 17.331833 -4.341160 33.374054 255 255 255
v 17.639814 -4.094776 33.805222 255 255 255
v 17.393431 -4.002384 33.497246 255 255 255
v 18.132584 -4.649139 33.866821 255 255 255
v 17.947796 -4.833923 34.205597 255 255 255
v 18.070990 -4.217964 33.990013 255 255 255
v 17.516624 -4.987911 34.297989 255 255 255
v 17.362633 -4.618340 34.359585 255 255 255
v 17.855398 -4.464352 34.328789 255 255 255
v 17.301033 -3.694405 33.558838 255 255 255
v 17.393431 -3.786800 33.897617 255 255 255
v 17.609018 -3.602009 34.020809 255 255 255
v 17.147045 -3.602009 33.712830 255 255 255
v 17.301033 -3.694405 33.959213 255 255 255
v 17.331833 -3.448017 34.113201 255 255 255
v 16.962257 -3.725201 33.897617 255 255 255
v 17.116249 -3.694405 34.051605 255 255 255
v 17.147045 -3.540413 34.236397 255 255 255
v 16.654276 -4.433552 33.959213 255 255 255
v 17.147045 -4.587540 34.174797 255 255 255
v 17.116249 -4.371956 34.236393 255 255 255
v 17.054651 -4.063976 34.236393 255 255 255
v 16.777468 -3.940788 33.990013 255 255 255
v 17.023855 -3.756001 34.144001 255 255 255
v 16.993055 -3.632809 34.328789 255 255 255
v 17.054651 -3.786800 34.575172 255 255 255
v 17.239439 -4.279564 34.513573 255 255 255
v 16.223104 -14.350479 34.759953 255 255 255
v 17.701408 -4.156372 34.513573 255 255 255
v 17.639814 -3.848392 34.636768 255 255 255
v 18.009390 -3.909992 34.174797 255 255 255
v 17.947796 -3.632809 34.297989 255 255 255
v 17.578218 -3.232433 34.852352 255 255 255
v 17.732208 -2.708866 35.067940 255 255 255
v 17.485825 -2.678074 35.160332 255 255 255
v 17.824606 -2.647274 35.160332 255 255 255
v 17.670614 -2.554882 35.314323 255 255 255
v 17.763008 -2.585682 34.759956 255 255 255
v 17.978592 -2.308495 34.913948 255 255 255
v 17.763008 -3.016846 34.575172 255 255 255
v 17.609018 -2.893661 34.328789 255 255 255
v 17.578218 -2.400887 34.544373 255 255 255
v 17.670614 -2.246902 34.667564 255 255 255
v 17.331833 -2.862862 34.297989 255 255 255
v 17.301033 -2.339294 34.482780 255 255 255
v 17.301033 -2.092915 34.575172 255 255 255
v 17.054651 -2.462490 34.729160 255 255 255
v 17.085449 -2.216106 34.852352 255 255 255
v 17.054651 -3.016846 34.513577 255 255 255
v 17.054651 -2.616474 35.006340 255 255 255
v 17.177843 -2.370094 35.129536 255 255 255
v 17.023855 -3.170841 34.790756 255 255 255
v 17.701408 -2.308495 35.499107 255 255 255
v 17.917000 -1.938919 35.468311 255 255 255
v 17.362633 -2.031315 35.283524 255 255 255
v 18.132584 -2.092915 35.622303 255 255 255
v 18.009390 -1.630943 35.529907 255 255 255
v 17.516624 -1.661743 35.437515 255 255 255
v 17.177843 -1.877331 34.975544 255 255 255
v 17.362633 -1.538548 35.160332 255 255 255
v 17.455027 -1.846531 34.698364 255 255 255
v 17.639814 -1.476955 34.944748 255 255 255
v 17.917000 -2.062115 34.913948 255 255 255
v 18.009390 -1.661743 34.913948 255 255 255
v 18.070990 -1.938919 35.129536 255 255 255
v 18.163380 -1.661743 35.129536 255 255 255
v 18.163380 -2.000515 35.160332 255 255 255
v 18.286573 -2.062115 35.221931 255 255 255
v 18.224981 -2.308495 35.067940 255 255 255
v 18.132584 -2.585682 35.252724 255 255 255
v 18.040190 -2.554882 35.560707 255 255 255
v 18.009390 -2.339294 35.714695 255 255 255
v 18.286573 -1.969719 35.406715 255 255 255
v 18.132584 -1.908131 35.345119 255 255 255
v 18.194180 -1.630943 35.314323 255 255 255
v 19.672487 -2.462490 36.361450 255 255 255
v 20.565632 -2.185307 37.346985 255 255 255
v 19.580091 -2.431690 36.515438 255 255 255
v 19.764881 -2.246902 36.115067 255 255 255
v 20.658026 -1.938919 37.192993 255 255 255
v 19.703285 -1.969719 36.207462 255 255 255
v 20.534832 -1.723343 37.223793 255 255 255
v 19.549297 -1.908131 36.392250 255 255 255
v 20.350048 -1.754135 37.316185 255 255 255
v 19.487700 -2.062115 36.515442 255 255 255
v 20.257650 -1.877331 37.408581 255 255 255
v 19.487700 -2.246902 36.546238 255 255 255
v 20.411642 -2.123714 37.439377 255 255 255
v 21.397179 -1.846531 38.270920 255 255 255
v 21.273989 -1.661743 38.424911 255 255 255
v 21.243189 -1.569347 38.332520 255 255 255
v 21.335583 -1.538548 38.116932 255 255 255
v 21.427977 -1.723343 38.147728 255 255 255
v 21.612766 -1.507755 38.609699 255 255 255
v 21.674364 -1.507755 38.517303 255 255 255
v 21.581966 -1.600143 38.640495 255 255 255
v 21.643564 -1.723343 38.578899 255 255 255
v 21.705158 -1.692543 38.486504 255 255 255
v 21.735958 -1.600143 38.424911 255 255 255
v 21.766758 -1.569347 38.609699 255 255 255
v 21.766758 -1.600143 38.609699 255 255 255
v 21.735958 -1.630943 38.640495 255 255 255
v 21.705158 -1.600143 38.671295 255 255 255
v 18.101784 -0.830196 35.283524 255 255 255
v 18.317375 -0.891796 35.221931 255 255 255
v 18.317375 -1.199776 35.283524 255 255 255
v 18.471365 -1.014988 35.437515 255 255 255
v 18.286573 -0.984188 35.714695 255 255 255
v 17.947796 -0.799400 35.468311 255 255 255
v 18.040190 -0.860996 35.683899 255 255 255
v 19.025730 -0.060249 35.529907 255 255 255
v 18.964130 0.062939 35.807091 255 255 255
v 18.840940 0.001347 35.345123 255 255 255
v 18.686949 0.062939 35.406715 255 255 255
v 18.563755 0.124538 35.591503 255 255 255
v 18.686949 0.124538 35.807091 255 255 255
v 19.610891 1.233265 35.406715 255 255 255
v 19.487700 1.418053 35.406715 255 255 255
v 19.672487 1.079269 35.252728 255 255 255
v 19.610891 1.110069 35.098740 255 255 255
v 19.426100 1.233265 35.067940 255 255 255
v 19.364506 1.356453 35.221931 255 255 255
v 19.980467 1.756824 34.975548 255 255 255
v 19.980467 1.818424 35.160336 255 255 255
v 19.857275 1.910816 35.191132 255 255 255
v 19.764881 1.910816 35.098740 255 255 255
v 19.764881 1.880016 34.975548 255 255 255
v 19.918873 2.003212 34.975548 255 255 255
v 20.011267 2.064804 35.006344 255 255 255
v 19.888075 2.034004 35.037144 255 255 255
v 19.949673 2.034004 35.098740 255 255 255
v 16.685074 -3.879192 32.881287 255 255 255
v 16.839064 -3.478817 33.004478 255 255 255
v 16.715874 -3.324829 33.250862 255 255 255
v 16.315498 -3.602009 33.558838 255 255 255
v 16.192307 -3.971584 33.435650 255 255 255
v 16.407892 -4.156372 33.127670 255 255 255
v 15.822729 -3.786800 33.281658 255 255 255
v 15.853526 -3.879192 32.881287 255 255 255
v 15.915123 -3.417217 33.374054 255 255 255
v 16.130707 -3.170841 33.127670 255 255 255
v 16.223104 -3.201633 32.819695 255 255 255
v 16.007517 -3.632809 32.604107 255 255 255
v 15.329960 -3.263233 32.604107 255 255 255
v 15.237566 -3.571209 32.850491 255 255 255
v 15.576342 -3.016846 32.850491 255 255 255
v 15.607141 -2.924461 33.004478 255 255 255
v 15.453151 -3.140041 33.404850 255 255 255
v 15.299163 -3.540413 33.312458 255 255 255
v 14.837191 -3.232433 33.435650 255 255 255
v 14.713997 -3.170841 33.096870 255 255 255
v 15.145172 -2.893661 33.528042 255 255 255
v 14.898787 -2.862862 32.912086 255 255 255
v 15.175966 -2.647274 33.158466 255 255 255
v 14.159631 -2.031315 33.528042 255 255 255
v 14.375221 -1.877331 33.682034 255 255 255
v 13.974846 -2.462490 33.589638 255 255 255
v 14.067240 -2.493290 33.959213 255 255 255
v 14.406015 -2.154507 34.020809 255 255 255
v 13.235689 -1.600143 34.297989 255 255 255
v 13.328083 -1.230568 34.082405 255 255 255
v 13.420481 -1.784935 34.667564 255 255 255
v 13.728458 -1.476955 34.667564 255 255 255
v 13.666864 -1.138176 34.297989 255 255 255
v 16.654276 1.048477 36.546242 255 255 255
v 16.746674 1.510445 36.607834 255 255 255
v 16.777468 2.126400 35.375919 255 255 255
v 16.407892 2.403584 36.022675 255 255 255
v 16.623480 1.572041 35.591507 255 255 255
v 16.715874 3.050335 34.113205 255 255 255
v 16.592680 2.742359 34.852356 255 255 255
v 16.900663 2.465176 34.729164 255 255 255
v 16.962257 2.803959 34.020813 255 255 255
v 16.777468 2.188000 34.513580 255 255 255
v 16.900663 2.526772 33.805229 255 255 255
v 16.469488 2.095604 34.421185 255 255 255
v 16.561882 2.465176 33.682034 255 255 255
v 16.161507 2.218800 34.513580 255 255 255
v 16.315498 2.588371 33.805229 255 255 255
v 16.069113 2.495975 34.698364 255 255 255
v 16.161507 2.803959 33.990013 255 255 255
v 16.253901 2.742359 34.821556 255 255 255
v 16.315498 3.081135 34.113205 255 255 255
v 16.839064 2.896351 33.497250 255 255 255
v 16.869864 3.050335 33.682034 255 255 255
v 16.531082 2.803959 33.404854 255 255 255
v 16.284698 2.896351 33.558846 255 255 255
v 16.130707 3.050335 33.743629 255 255 255
v 16.253901 3.296722 33.928421 255 255 255
v 16.654276 3.327515 33.928421 255 255 255
v 16.623480 4.097469 33.651237 255 255 255
v 16.715874 3.912674 33.435654 255 255 255
v 16.654276 3.758686 33.250866 255 255 255
v 16.438688 3.666298 33.127674 255 255 255
v 16.377092 4.343849 32.942886 255 255 255
v 16.161507 3.666298 33.189270 255 255 255
v 15.976717 3.789486 33.497250 255 255 255
v 16.192307 4.128262 33.743629 255 255 255
v 16.099913 2.372784 35.868687 255 255 255
v 15.884323 2.034004 35.745495 255 255 255
v 16.315498 1.510445 35.560707 255 255 255
v 15.945923 1.633629 35.560707 255 255 255
v 11.818979 0.432518 35.499111 255 255 255
v 12.096164 0.432518 35.622303 255 255 255
v 11.603392 0.093739 35.622303 255 255 255
v 11.849779 -0.060249 35.961079 255 255 255
v 12.126958 0.155334 35.930283 255 255 255
v 10.833441 2.834751 37.008209 255 255 255
v 10.494662 2.619171 37.069805 255 255 255
v 10.987432 1.418053 36.700230 255 255 255
v 11.326207 1.602837 36.638634 255 255 255
v 10.340672 2.619171 36.761826 255 255 255
v 10.802641 1.510445 36.299858 255 255 255
v 10.556256 2.865551 36.484642 255 255 255
v 11.018229 1.818424 36.084270 255 255 255
v 10.802641 2.896351 36.638634 255 255 255
v 11.295413 1.818424 36.269058 255 255 255
v 11.757382 0.894482 35.899483 255 255 255
v 11.757382 0.555706 36.269058 255 255 255
v 11.418604 0.894482 35.714695 255 255 255
v 11.203016 0.586506 35.930283 255 255 255
v 11.449404 0.370922 36.330654 255 255 255
v 15.360757 2.157200 38.301720 255 255 255
v 14.991181 2.034004 38.086136 255 255 255
v 14.837191 2.064804 37.747360 255 255 255
v 14.867988 2.218800 37.562569 255 255 255
v 14.898787 2.495975 37.408581 255 255 255
v 9.693913 4.313049 37.254593 255 255 255
v 9.878700 4.374649 37.039009 255 255 255
v 9.817106 4.467041 37.593369 255 255 255
v 10.155881 4.682629 37.346985 255 255 255
v 10.155881 4.528633 37.100601 255 255 255
v 10.494662 3.727886 36.915817 255 255 255
v 10.217482 3.635498 36.823421 255 255 255
v 10.525463 3.727886 37.254593 255 255 255
v 10.155881 3.604698 37.377785 255 255 255
v 10.001890 3.604698 37.100601 255 255 255
v -0.592645 -12.471806 35.653091 255 255 255
v -0.469451 -12.441010 35.221924 255 255 255
v -0.192270 -12.194626 35.191124 255 255 255
v -0.099876 -12.040634 35.560699 255 255 255
v -0.315462 -12.256222 35.837883 255 255 255
v -0.469451 -12.902977 35.714691 255 255 255
v -0.438654 -13.026169 35.499104 255 255 255
v -0.469451 -13.395741 35.807083 255 255 255
v -0.438654 -13.457340 35.560699 255 255 255
v -0.253867 -12.810585 35.899475 255 255 255
v -0.253867 -13.395741 36.084263 255 255 255
v 0.023316 -13.672924 36.238251 255 255 255
v 0.115712 -12.779785 35.807083 255 255 255
v 0.300499 -13.672924 35.991867 255 255 255
v 0.269701 -13.611332 35.468304 255 255 255
v 0.177307 -12.995373 35.468304 255 255 255
v -0.161471 -12.933777 35.252720 255 255 255
v -0.223067 -13.549732 35.345116 255 255 255
v 0.115712 -12.441010 35.437508 255 255 255
v 1.070453 2.095604 40.088001 255 255 255
v 1.440028 2.403584 39.995605 255 255 255
v 0.854865 3.327515 40.118797 255 255 255
v 1.717210 3.296722 41.042736 255 255 255
v 2.025191 3.111935 40.981140 255 255 255
v 1.563219 3.389118 41.412308 255 255 255
v 1.809607 3.327518 41.627895 255 255 255
v 2.240779 3.081135 41.473907 255 255 255
v 4.920212 -18.754581 34.913940 255 255 255
v 4.519837 -18.785381 34.544365 255 255 255
v 14.775597 -47.950993 32.665676 255 255 255
v 16.192307 -47.889397 32.388496 255 255 255
v -8.199769 -8.344887 35.468307 255 255 255
v -8.384557 -8.252495 35.499107 255 255 255
v -8.846527 -8.652866 35.560703 255 255 255
v -8.969720 -8.560474 35.591499 255 255 255
v -8.353760 -8.776058 35.499107 255 255 255
v -9.585682 -7.574936 35.683895 255 255 255
v -8.908126 -7.913715 35.591499 255 255 255
v -9.616479 -8.067707 35.683891 255 255 255
v -9.801269 -7.944515 35.683891 255 255 255
v -10.509624 -7.143768 35.807083 255 255 255
v -10.848402 -7.020576 35.837883 255 255 255
v -10.879200 -7.112968 35.930275 255 255 255
v -10.263239 -7.390152 35.868683 255 255 255
v -10.201642 -7.266960 35.745491 255 255 255
v -9.986056 -7.359356 35.714691 255 255 255
v -10.509624 -7.359356 35.807083 255 255 255
v -10.909999 -7.174568 35.837883 255 255 255
v -10.324836 -7.482548 35.776287 255 255 255
v -9.955259 -7.821320 35.714691 255 255 255
v -12.665489 -6.373821 36.084267 255 255 255
v -11.741547 -6.712597 35.961075 255 255 255
v -12.665489 -6.589405 36.330650 255 255 255
v -12.757883 -6.774197 36.084267 255 255 255
v -11.741547 -7.020576 35.961075 255 255 255
v -14.420979 -5.696266 36.299850 255 255 255
v -14.513373 -5.665470 36.330650 255 255 255
v -14.297786 -5.788658 36.299850 255 255 255
v -14.112998 -5.973450 36.269054 255 255 255
v -14.020604 -6.219830 36.484638 255 255 255
v -13.989807 -6.035046 36.269054 255 255 255
v -13.774220 -6.096642 36.207458 255 255 255
v -14.790556 -6.035046 36.361446 255 255 255
v -14.143796 -6.404617 36.269054 255 255 255
v -13.158258 -6.651001 36.145863 255 255 255
v -15.529708 -5.018711 36.453842 255 255 255
v -15.098536 -5.542274 36.392246 255 255 255
v -14.821355 -6.035046 36.361446 255 255 255
v -15.067739 -5.172703 36.392246 255 255 255
v -15.652903 -4.895523 36.484642 255 255 255
v -7.429817 -8.714462 35.375916 255 255 255
v -7.737797 -8.529675 35.437508 255 255 255
v -7.183431 -8.960850 35.345116 255 255 255
v -7.799394 -8.837654 35.437508 255 255 255
v -7.953384 -8.437279 35.468307 255 255 255
v 12.434939 -29.780230 32.758080 255 255 255
v 12.157758 -29.071877 32.788879 255 255 255
v 11.664989 -27.901558 32.850475 255 255 255
v 13.913249 -27.963152 32.542500 255 255 255
v 13.543671 -27.162407 32.604095 255 255 255
v 13.204893 -26.546448 32.634892 255 255 255
v 10.864238 -26.608046 32.942867 255 255 255
v 10.617853 -25.930492 32.973671 255 255 255
v 14.560006 -48.289772 32.480888 255 255 255
v 14.775597 -49.090515 32.450092 255 255 255
v 14.436815 -47.920197 32.480888 255 255 255
v 16.223104 -49.213707 32.234505 255 255 255
v 15.945923 -49.429291 32.265305 255 255 255
v 16.284698 -47.889397 32.234505 255 255 255
v 16.346298 -46.010723 32.234509 255 255 255
v 16.377092 -44.932800 32.234509 255 255 255
v 16.500288 -43.485298 32.203712 255 255 255
v 14.190431 -46.041523 32.511688 255 255 255
v 13.944046 -45.086788 32.542488 255 255 255
v 13.636065 -43.485298 32.573288 255 255 255
v 13.697661 -40.929070 32.573288 255 255 255
v 13.666864 -39.050400 32.573288 255 255 255
v 13.636065 -38.619225 32.573288 255 255 255
v 16.685074 -40.836678 32.172916 255 255 255
v 16.685074 -40.959869 32.172916 255 255 255
v 16.715874 -38.650024 32.172916 255 255 255
v 13.543671 -36.340183 32.604088 255 255 255
v 13.482074 -35.385448 32.604088 255 255 255
v 13.389680 -34.646297 32.634888 255 255 255
v 16.654276 -36.340183 32.203716 255 255 255
v 16.623480 -35.693428 32.203716 255 255 255
v 16.623480 -34.677097 32.203716 255 255 255
v 16.561882 -32.983212 32.203716 255 255 255
v 16.592680 -31.751295 32.203720 255 255 255
v 16.531082 -30.765762 32.203720 255 255 255
v 12.773721 -31.289328 32.696484 255 255 255
v 12.773721 -30.827360 32.696484 255 255 255
v 12.588930 -30.149805 32.727283 255 255 255
v 14.252025 -28.794697 32.511696 255 255 255
v 14.621606 -28.979485 32.450104 255 255 255
v 14.683200 -28.455921 32.450104 255 255 255
v 14.652400 -27.993952 32.450104 255 255 255
v 16.685074 -29.872623 32.172920 255 255 255
v 16.654276 -30.119009 32.203720 255 255 255
v 16.777468 -28.979485 32.172920 255 255 255
v 16.777468 -29.102676 32.172920 255 255 255
v 14.683200 -27.839960 32.450104 255 255 255
v 14.713997 -27.747568 32.450104 255 255 255
v 14.590806 -26.916025 32.450104 255 255 255
v 16.869864 -27.901558 32.172920 255 255 255
v 16.839064 -28.086346 32.172920 255 255 255
v 16.069113 -49.952858 32.265305 255 255 255
v 16.253901 -49.922058 32.234505 255 255 255
v 14.991181 -50.137646 32.419292 255 255 255
v 14.960382 -51.061581 32.419292 255 255 255
v 14.929585 -51.215572 32.419292 255 255 255
v 14.929585 -51.123177 32.419292 255 255 255
v 16.623480 -50.722805 32.203709 255 255 255
v 16.900663 -50.938389 32.142113 255 255 255
v 17.177843 -51.215572 32.111313 255 255 255
v 16.900663 -27.778364 32.142124 255 255 255
v 16.808268 -27.193205 32.172920 255 255 255
v 16.715874 -26.515652 32.172920 255 255 255
v 16.623480 -25.992088 32.203720 255 255 255
v 14.775597 -25.068150 32.450104 255 255 255
v 15.329960 -24.698576 32.357712 255 255 255
v 14.683200 -25.530119 32.450104 255 255 255
v 14.498412 -26.115278 32.480900 255 255 255
v 12.219355 -25.406925 32.788879 255 255 255
v 12.003767 -25.252935 32.788879 255 255 255
v 12.342548 -25.376129 32.758083 255 255 255
v 12.250154 -25.406925 32.758083 255 255 255
v 12.404142 -25.468521 32.758083 255 255 255
v 9.693913 -24.606184 33.096863 255 255 255
v 9.878700 -24.852566 33.096863 255 255 255
v 10.063487 -24.944960 33.096863 255 255 255
v 10.032690 -24.944960 33.066063 255 255 255
v 10.094288 -25.037352 33.066063 255 255 255
v 11.172219 -25.068150 32.912071 255 255 255
v 10.741047 -24.821766 32.973671 255 255 255
v 7.568845 -23.435863 33.404839 255 255 255
v 8.369596 -23.466658 33.281647 255 255 255
v 8.431190 -23.435863 33.281647 255 255 255
v 6.182931 -22.265541 33.589630 255 255 255
v 5.967344 -22.080753 33.589630 255 255 255
v 5.905750 -21.988358 33.620426 255 255 255
v 7.414855 -21.988358 33.404839 255 255 255
v 6.829691 -21.187611 33.497234 255 255 255
v 5.320587 -20.694847 33.682022 255 255 255
v 5.628566 -20.263672 33.651226 255 255 255
v 5.443778 -20.602455 33.682022 255 255 255
v 6.706498 -20.941227 33.497238 255 255 255
v 5.936547 -20.510059 33.620426 255 255 255
v 6.737298 -21.002827 33.497234 255 255 255
v -2.224943 -12.964573 34.698357 255 255 255
v -2.502124 -12.841377 34.729156 255 255 255
v -2.070951 -12.687389 34.667561 255 255 255
v -2.070951 -12.594997 34.667561 255 255 255
v -2.132548 -12.502605 34.667561 255 255 255
v -2.686913 -12.841377 34.759953 255 255 255
v -2.810106 -12.841377 34.759953 255 255 255
v -2.594518 -12.810585 34.729156 255 255 255
v -2.748509 -12.502605 34.759953 255 255 255
v -2.871701 -12.656593 34.790752 255 255 255
v -2.656116 -12.317818 34.759953 255 255 255
v -2.255741 -12.379414 34.698357 255 255 255
v -2.409730 -12.317818 34.729156 255 255 255
v -2.563721 -12.348618 34.729156 255 255 255
v -3.580058 -12.933777 34.883144 255 255 255
v -3.795644 -12.995373 34.913944 255 255 255
v -3.333672 -13.026169 34.852348 255 255 255
v -3.734047 -13.149364 34.883144 255 255 255
v -4.226818 -13.272549 34.944740 255 255 255
v -4.042028 -13.149364 34.944740 255 255 255
v 10.094288 -24.883364 33.066063 255 255 255
v 13.328083 -33.907150 32.634888 255 255 255
v 13.081698 -33.014011 32.665684 255 255 255
v 16.623480 -33.845551 32.203716 255 255 255
v 13.605265 -37.017738 32.604088 255 255 255
v 16.715874 -38.095665 32.172916 255 255 255
v 13.636065 -43.115723 32.573288 255 255 255
v 13.605265 -41.945400 32.604088 255 255 255
v 13.697661 -41.113857 32.573288 255 255 255
v 16.685074 -41.021465 32.172916 255 255 255
v 16.284698 -47.581417 32.234505 255 255 255
v 14.313622 -46.749874 32.511688 255 255 255
v 16.469488 -50.507221 32.203709 255 255 255
v 16.469488 -50.476421 32.203709 255 255 255
v 17.208643 -51.338764 32.111313 255 255 255
v 17.177843 -51.307964 32.111313 255 255 255
v 16.438688 -25.468521 32.203720 255 255 255
v 16.407892 -25.437725 32.234520 255 255 255
v 15.945923 -24.852566 32.265320 255 255 255
v 15.360757 -24.698576 32.357712 255 255 255
v 15.884323 -24.790970 32.296116 255 255 255
v -9.000518 -8.591270 35.560703 255 255 255
v -8.877326 -8.314087 35.283520 255 255 255
v -8.292163 -8.560474 35.283520 255 255 255
v -8.784932 -8.129303 35.375916 255 255 255
v -8.199769 -8.375683 35.406712 255 255 255
v -9.616479 -7.574936 35.437511 255 255 255
v -9.554884 -7.513344 35.622299 255 255 255
v -9.832066 -8.006111 35.653095 255 255 255
v -9.739672 -7.759727 35.345116 255 255 255
v -10.324836 -7.390152 35.437511 255 255 255
v -10.201642 -7.205364 35.499107 255 255 255
v -10.909999 -7.112968 35.437511 255 255 255
v -10.848402 -6.928185 35.560703 255 255 255
v -10.817605 -6.897385 35.683895 255 255 255
v -10.140047 -7.174568 35.653095 255 255 255
v -10.355635 -7.574936 35.653095 255 255 255
v -10.971594 -7.328560 35.653095 255 255 255
v -12.788681 -6.866585 35.991875 255 255 255
v -12.757883 -6.558609 35.714691 255 255 255
v -12.696287 -6.343021 35.807083 255 255 255
v -12.634691 -6.312229 35.991875 255 255 255
v -14.205392 -6.497013 36.207458 255 255 255
v -14.143796 -6.158234 35.961075 255 255 255
v -14.667364 -5.788658 36.145863 255 255 255
v -14.574970 -5.665470 36.207458 255 255 255
v -14.020604 -6.004246 36.053467 255 255 255
v -13.989807 -5.973450 36.207458 255 255 255
v -15.529708 -4.987911 36.423046 255 255 255
v 11.818979 -29.965017 31.649357 255 255 255
v 12.157758 -29.872623 32.542496 255 255 255
v 11.387807 -28.024752 32.604092 255 255 255
v 11.079825 -28.055548 31.710953 255 255 255
v 10.248278 -26.053680 32.819679 255 255 255
v 12.496539 -31.012146 31.741749 255 255 255
v 12.835315 -33.137199 31.680155 255 255 255
v 12.896912 -33.014011 32.419304 255 255 255
v 12.588930 -30.858156 32.573292 255 255 255
v 14.344421 -28.301931 31.279783 255 255 255
v 14.436815 -28.517513 32.142124 255 255 255
v 14.590806 -27.655174 32.080528 255 255 255
v 14.744797 -49.768070 32.296101 255 255 255
v 13.820855 -50.969189 31.556952 255 255 255
v 14.467612 -50.907593 32.265305 255 255 255
v 14.898787 -51.092381 32.388496 255 255 255
v 10.433065 -24.051819 31.556965 255 255 255
v 11.449404 -24.544586 32.172924 255 255 255
v 10.864238 -24.390596 31.310583 255 255 255
v 9.416731 -24.175013 31.495369 255 255 255
v 9.201140 -24.729372 31.710955 255 255 255
v 7.815229 -23.713043 32.111328 255 255 255
v 8.000020 -23.220276 32.018936 255 255 255
v 9.755506 -23.713043 31.834146 255 255 255
v 8.400395 -22.881498 32.296116 255 255 255
v 9.293537 -23.620649 32.850479 255 255 255
v 10.309872 -24.082617 32.727287 255 255 255
v 8.585180 -23.651445 33.189255 255 255 255
v 7.784430 -24.205811 32.511700 255 255 255
v 9.632316 -25.283737 32.788879 255 255 255
v 8.061614 -24.021023 33.127659 255 255 255
v 9.416731 -25.283737 32.080528 255 255 255
v 9.786306 -25.283737 31.587765 255 255 255
v 10.217482 -26.176874 31.803349 255 255 255
v 11.110622 -24.482990 32.604095 255 255 255
v 5.998144 -21.680378 33.158459 255 255 255
v 6.398519 -21.310806 33.035267 255 255 255
v 6.829691 -21.126019 33.404842 255 255 255
v -2.317337 -12.656593 34.513573 255 255 255
v -2.656116 -12.687389 34.667561 255 255 255
v -2.440529 -12.502605 34.575165 255 255 255
v -2.840904 -12.779785 34.698357 255 255 255
v -2.132548 -12.502605 34.636765 255 255 255
v 13.574471 -49.768070 31.618547 255 255 255
v 13.174096 -34.677097 32.203716 255 255 255
v 13.266490 -34.769489 31.433769 255 255 255
v 11.942173 -29.903421 31.248985 255 255 255
v 11.480198 -28.609911 31.248985 255 255 255
v 11.203016 -27.963152 31.248985 255 255 255
v 13.913249 -27.039215 31.248985 255 255 255
v 14.313622 -28.209538 31.248985 255 255 255
v 13.851649 -26.916025 31.248985 255 255 255
v 13.512874 -25.745705 31.248987 255 255 255
v 13.759255 -27.070015 32.203720 255 255 255
v 13.235689 -25.037352 31.248987 255 255 255
v 13.050905 -25.006556 31.772551 255 255 255
v 10.710247 -26.823631 31.248985 255 255 255
v 13.389680 -49.768070 31.248974 255 255 255
v 13.451274 -47.889397 31.926529 255 255 255
v 13.235689 -48.720940 31.248974 255 255 255
v 13.174096 -47.889397 31.248976 255 255 255
v 17.023855 -48.104984 31.248976 255 255 255
v 16.223104 -49.768070 32.203709 255 255 255
v 17.054651 -49.798866 31.248974 255 255 255
v 16.993055 -47.889397 31.279774 255 255 255
v 16.993055 -47.889397 31.248976 255 255 255
v 16.900663 -46.010723 31.248976 255 255 255
v 16.839064 -45.240776 31.248978 255 255 255
v 16.869864 -46.010723 31.495358 255 255 255
v 16.746674 -43.485298 31.248978 255 255 255
v 16.715874 -43.485298 31.803339 255 255 255
v 13.143296 -45.979927 31.248976 255 255 255
v 13.451274 -43.485298 32.480892 255 255 255
v 13.112499 -45.425568 31.248978 255 255 255
v 13.451274 -46.010723 32.142117 255 255 255
v 13.143296 -43.454498 31.279776 255 255 255
v 13.112499 -43.639286 31.248978 255 255 255
v 13.143296 -43.485298 31.248978 255 255 255
v 13.143296 -43.454498 31.248978 255 255 255
v 13.420481 -40.959869 31.248980 255 255 255
v 13.358884 -38.650024 31.864937 255 255 255
v 13.451274 -39.758751 31.248980 255 255 255
v 13.358884 -40.929070 31.649349 255 255 255
v 13.482074 -38.680824 31.248980 255 255 255
v 16.808268 -38.773216 31.248980 255 255 255
v 16.777468 -40.959869 31.248980 255 255 255
v 16.808268 -38.680824 31.248980 255 255 255
v 13.420481 -36.432579 31.248981 255 255 255
v 13.389680 -36.247787 31.248981 255 255 255
v 13.297286 -36.340183 32.080521 255 255 255
v 13.358884 -35.724228 31.248981 255 255 255
v 16.654276 -36.370979 31.248981 255 255 255
v 16.654276 -36.001404 31.248981 255 255 255
v 16.777468 -36.370979 31.464565 255 255 255
v 16.561882 -34.677097 31.248981 255 255 255
v 16.715874 -34.677097 31.556959 255 255 255
v 16.561882 -33.014011 31.248983 255 255 255
v 16.561882 -32.182465 31.248983 255 255 255
v 16.715874 -33.014011 31.680155 255 255 255
v 16.531082 -30.765762 31.248985 255 255 255
v 16.746674 -30.765762 31.741751 255 255 255
v 14.375221 -28.240334 31.248985 255 255 255
v 14.652400 -27.839960 31.248985 255 255 255
v 14.621606 -26.854427 31.988136 255 255 255
v 14.652400 -27.778364 31.248985 255 255 255
v 17.023855 -27.993952 31.248985 255 255 255
v 16.839064 -29.010283 32.080528 255 255 255
v 16.993055 -28.486717 31.248985 255 255 255
v 16.931458 -27.901558 31.988134 255 255 255
v 16.962257 -29.133474 31.248985 255 255 255
v 17.085449 -49.891262 31.248974 255 255 255
v 17.147045 -50.784401 31.710941 255 255 255
v 17.177843 -50.076050 31.248974 255 255 255
v 17.270239 -50.876793 31.248974 255 255 255
v 17.331833 -51.153976 31.248974 255 255 255
v 13.358884 -49.983654 31.248974 188 188 188
v 13.204893 -50.414825 31.248974 255 255 255
v 13.358884 -50.938389 31.248974 255 255 255
v 16.900663 -27.131611 31.248985 255 255 255
v 16.777468 -26.977619 31.248985 255 255 255
v 16.808268 -27.162407 31.556965 255 255 255
v 16.993055 -27.501184 31.248985 255 255 255
v 14.806391 -27.193205 31.248985 255 255 255
v 15.021978 -26.546448 31.372177 255 255 255
v 14.991181 -26.762033 31.248985 255 255 255
v 15.237566 -26.515652 31.248985 255 255 255
v 15.052775 -26.608046 31.248985 255 255 255
v 10.186681 -24.421392 31.248987 255 255 255
v 10.617853 -24.452192 31.248987 255 255 255
v 10.833441 -24.452192 31.248987 255 255 255
v 10.001890 -24.790970 31.248987 255 255 255
v 10.094288 -25.468521 31.248987 255 255 255
v 10.895038 -24.298203 31.248987 255 255 255
v 10.987432 -24.113413 31.248987 255 255 255
v 11.664989 -24.113413 31.772551 255 255 255
v 11.079825 -24.051819 31.248987 255 255 255
v 13.112499 -24.298203 31.248987 255 255 255
v 12.927709 -23.897831 31.248987 255 255 255
v 12.157758 -23.405064 31.248989 255 255 255
v 12.404142 -24.575386 32.172924 255 255 255
v 12.619730 -23.405064 31.248989 255 255 255
v 11.326207 -23.805437 31.248987 255 255 255
v 11.726583 -23.405064 31.248989 255 255 255
v 9.847903 -24.452192 31.248987 255 255 255
v 10.032690 -24.421392 31.248987 255 255 255
v 9.878700 -24.606184 31.248987 255 255 255
v 16.685074 -29.934217 31.248985 255 255 255
v 16.931458 -29.503050 31.248985 255 255 255
v 16.808268 -29.872623 31.957335 255 255 255
v 16.654276 -30.426987 31.248985 255 255 255
v 10.494662 -26.053680 31.248987 255 255 255
v 14.344421 -28.301931 31.248985 255 255 255
v 12.096164 -30.396187 31.248985 255 255 255
v 16.500288 -26.731237 31.248985 255 255 255
v 12.527333 -31.042944 31.248983 255 255 255
v 12.989305 -33.137199 31.248983 255 255 255
v 12.866115 -32.336456 31.248983 255 255 255
v 13.328083 -34.800289 31.248981 255 255 255
v 13.297286 -34.553905 31.248981 255 255 255
v 16.592680 -34.215126 31.248981 255 255 255
v 13.451274 -37.972473 31.248981 255 255 255
v 16.808268 -38.650024 31.248980 255 255 255
v 13.389680 -41.637421 31.248978 255 255 255
v 16.777468 -41.575829 31.248978 255 255 255
v 13.143296 -47.119450 31.248976 255 255 255
v 16.993055 -47.858601 31.248976 255 255 255
v 16.407892 -26.484854 31.248985 255 255 255
v 15.791932 -26.146078 31.248987 255 255 255
v 16.377092 -26.423258 31.248987 255 255 255
v 15.668738 -26.146078 31.248987 255 255 255
v -3.795644 -13.118565 34.852348 255 255 255
v 15.732073 -51.391628 33.253139 255 255 255
v 15.817651 -51.391628 33.260521 255 255 255
v 16.361061 -51.391628 33.312275 255 255 255
v 15.465278 -51.391628 32.993782 255 255 255
v 15.279183 -51.391628 32.854214 255 255 255
v 15.633487 -51.391628 33.127647 255 255 255
v 15.684987 -51.391628 33.211308 255 255 255
v 17.142534 -51.391628 32.346218 255 255 255
v 17.175390 -51.391628 32.306988 255 255 255
v 14.888158 -51.391628 32.419292 255 255 255
v 14.939939 -51.391628 32.440006 255 255 255
v 15.198036 -51.391628 32.785362 255 255 255
v 15.171665 -51.391628 32.749397 255 255 255
v 17.199909 -51.391628 32.210136 255 255 255
v 17.226263 -51.391628 32.111313 255 255 255
v 13.962529 -51.391628 31.781267 255 255 255
v 13.760505 -51.391628 31.556952 255 255 255
v 13.720274 -51.391628 31.516720 255 255 255
v 14.300061 -51.391628 32.134987 255 255 255
v 14.413832 -51.391628 32.265305 255 255 255
v 14.281443 -51.391628 32.116367 255 255 255
v 14.262827 -51.391628 32.097752 255 255 255
v 14.177188 -51.391628 32.013603 255 255 255
v 14.656538 -51.391628 32.331497 255 255 255
v 17.395208 -51.391628 31.470783 255 255 255
v 17.450663 -51.391628 31.248974 255 255 255
v 13.210659 -51.391628 31.322262 255 255 255
v 13.376178 -51.391628 31.379082 255 255 255
v 13.398412 -51.391628 31.379082 255 255 255
v 13.096481 -51.391628 31.248974 255 255 255
v 17.256437 -51.391628 31.248974 255 255 255
v 17.300568 -51.391628 31.248974 255 255 255
v 17.450142 -51.391628 31.248974 255 255 255
v 17.109486 -51.391628 31.248974 255 255 255
v 17.033890 -51.391628 31.248974 255 255 255
v 17.004639 -51.391628 31.248974 255 255 255
v 17.050709 -51.391628 31.248974 255 255 255
v 14.403309 -51.391628 31.248974 255 255 255
v 15.001881 -51.391628 31.248974 255 255 255
v 15.061970 -51.391628 31.248974 255 255 255
v 15.725056 -51.391628 31.248974 255 255 255
v 15.803201 -51.391628 31.248974 255 255 255
v 16.174843 -51.391628 31.248974 188 188 188
v 16.131519 -51.391628 31.248974 188 188 188
v 16.253471 -51.391628 31.248974 255 255 255
v 16.298573 -51.391628 31.248974 255 255 255
v 16.611862 -51.391628 31.248974 255 255 255
v 16.637056 -51.391628 31.248974 255 255 255
v 16.781675 -51.391628 31.248974 255 255 255
v 16.847187 -51.391628 31.248974 255 255 255
v 16.818714 -51.391628 31.248974 255 255 255
v 16.895906 -51.391628 31.248974 255 255 255
v 16.953638 -51.391628 31.248974 255 255 255
v 14.743171 -51.391628 32.367512 255 255 255
v 17.252615 -51.391628 31.988338 255 255 255

f 2359 2358 2260

vt 0.306408 0.055470
vt 0.306404 0.055473
vt 0.306399 0.055477

usemtl Mat_0
f 244/1 236/2 239/3

vt 0.495526 0.877731
vt 0.492488 0.843385
vt 0.492680 0.843761
vt 0.424026 0.531865
vt 0.427476 0.538646
vt 0.426237 0.538677
vt 0.474375 0.770766
vt 0.477157 0.809399
vt 0.476813 0.808424

usemtl Mat_0
f 1975/7 2144/8 1972/9
f 2236/4 2231/5 2306/6
f 1998/10 2006/11 2105/12

vt 0.498322 0.500344
vt 0.508558 0.495702
vt 0.512056 0.499078
vt 0.494331 0.494690
vt 0.505081 0.491846
vt 0.520681 0.487914
vt 0.514365 0.486995
vt 0.576827 0.450493
vt 0.530057 0.493377
vt 0.591184 0.456236
vt 0.528813 0.496327
vt 0.586444 0.457912
vt 0.520263 0.494486
vt 0.579302 0.456313
vt 0.516307 0.491077
vt 0.573973 0.452805
vt 0.571427 0.450480
vt 0.589503 0.434716
vt 0.595764 0.434291
vt 0.631990 0.400686
vt 0.621719 0.398459
vt 0.655707 0.379326
vt 0.672042 0.379208
vt 0.673361 0.379643
vt 0.643454 0.405919
vt 0.652411 0.399040
vt 0.640489 0.409745
vt 0.639885 0.410662
vt 0.638512 0.412243
vt 0.637852 0.413076
vt 0.612099 0.437956
vt 0.608877 0.441303
vt 0.622177 0.418666
vt 0.628240 0.408335
vt 0.615786 0.421925
vt 0.620475 0.403090
vt 0.612032 0.417230
vt 0.609395 0.415939
vt 0.597891 0.441086
vt 0.590841 0.437193
vt 0.621517 0.398484
vt 0.622635 0.397264
vt 0.654483 0.369607
vt 0.652525 0.376669
vt 0.686605 0.355661
vt 0.679574 0.363476
vt 0.682779 0.371273
vt 0.691057 0.365707
vt 0.693694 0.363217
vt 0.691294 0.356159
vt 0.695672 0.353994
vt 0.834113 0.229952
vt 0.704242 0.346109
vt 0.708857 0.335656
vt 0.719405 0.320229
vt 0.701933 0.343902
vt 0.719788 0.318557
vt 0.709236 0.344755
vt 0.695850 0.355133
vt 0.706232 0.359629
vt 0.703137 0.360826
vt 0.707092 0.359611
vt 0.699181 0.364142
vt 0.664443 0.371692
vt 0.676053 0.376816
vt 0.707550 0.360485
vt 0.709950 0.371745
vt 0.689001 0.377693
vt 0.692246 0.377384
vt 0.666259 0.388011
vt 0.655877 0.383515
vt 0.690398 0.367801
vt 0.694354 0.368268
vt 0.834772 0.236264
vt 0.834113 0.252648
vt 0.697650 0.368306
vt 0.706879 0.367994
vt 0.712556 0.368846
vt 0.704937 0.373159
vt 0.730718 0.366183
vt 0.712812 0.370165
vt 0.714790 0.372710
vt 0.732716 0.372450
vt 0.716768 0.373574
vt 0.722042 0.376998
vt 0.730612 0.382563
vt 0.739841 0.382671
vt 0.751155 0.366002
vt 0.753662 0.354578
vt 0.754980 0.353333
vt 0.762382 0.360610
vt 0.771315 0.338925
vt 0.775452 0.328079
vt 0.778365 0.330630
vt 0.785874 0.319846
vt 0.780363 0.332274
vt 0.794463 0.312741
vt 0.792924 0.308608
vt 0.800432 0.306230
vt 0.801751 0.313390
vt 0.801091 0.319687
vt 0.802812 0.321333
vt 0.812022 0.314357
vt 0.801383 0.333759
vt 0.802410 0.323065
vt 0.801751 0.321796
vt 0.797357 0.324599
vt 0.797412 0.335610
vt 0.799773 0.334382
vt 0.797996 0.345261
vt 0.801751 0.353318
vt 0.804624 0.365655
vt 0.799220 0.362965
vt 0.806286 0.399844
vt 0.800847 0.392806
vt 0.803172 0.410347
vt 0.796011 0.403765
vt 0.786430 0.437258
vt 0.779672 0.432727
vt 0.780055 0.455011
vt 0.796480 0.455541
vt 0.803203 0.440175
vt 0.807759 0.453859
vt 0.812650 0.438781
vt 0.805047 0.449181
vt 0.806697 0.434569
vt 0.830635 0.413543
vt 0.831274 0.402263
vt 0.839205 0.399774
vt 0.838656 0.384804
vt 0.852646 0.400408
vt 0.856933 0.387507
vt 0.865484 0.407001
vt 0.866676 0.404964
vt 0.859811 0.393276
vt 0.848553 0.360015
vt 0.847360 0.357849
vt 0.849050 0.330087
vt 0.842292 0.320933
vt 0.847203 0.323447
vt 0.845426 0.331384
vt 0.841400 0.332310
vt 0.846855 0.321900
vt 0.846745 0.321733
vt 0.846085 0.319203
vt 0.840973 0.307889
vt 0.844767 0.306999
vt 0.839051 0.294920
vt 0.844767 0.305318
vt 0.842789 0.294788
vt 0.845481 0.306671
vt 0.844017 0.294996
vt 0.842331 0.291393
vt 0.839694 0.282536
vt 0.841289 0.282970
vt 0.841013 0.269102
vt 0.840681 0.251788
vt 0.837128 0.282372
vt 0.826616 0.251291
vt 0.823320 0.281933
vt 0.801198 0.249931
vt 0.798873 0.280723
vt 0.780671 0.251145
vt 0.780671 0.281405
vt 0.768603 0.296842
vt 0.789955 0.302612
vt 0.807865 0.297524
vt 0.822203 0.296182
vt 0.825041 0.310057
vt 0.814896 0.329216
vt 0.832897 0.323936
vt 0.815697 0.356697
vt 0.833441 0.355562
vt 0.814777 0.384214
vt 0.814098 0.392672
vt 0.801521 0.388395
vt 0.796741 0.396916
vt 0.781776 0.427657
vt 0.790930 0.428163
vt 0.777378 0.445014
vt 0.786387 0.443947
vt 0.786090 0.471747
vt 0.774812 0.469647
vt 0.773956 0.450908
vt 0.773715 0.472488
vt 0.767561 0.484272
vt 0.770837 0.481429
vt 0.754301 0.500905
vt 0.758639 0.496758
vt 0.729009 0.531018
vt 0.732633 0.528460
vt 0.704980 0.556439
vt 0.708805 0.554276
vt 0.694926 0.568260
vt 0.695510 0.566563
vt 0.666488 0.591236
vt 0.666010 0.588741
vt 0.635156 0.616224
vt 0.634019 0.612040
vt 0.607871 0.637283
vt 0.608254 0.634771
vt 0.578734 0.674661
vt 0.580637 0.672139
vt 0.555641 0.706813
vt 0.558605 0.705929
vt 0.551208 0.715199
vt 0.561882 0.711912
vt 0.555803 0.721197
vt 0.571368 0.718803
vt 0.556663 0.727064
vt 0.567669 0.724699
vt 0.562450 0.731445
vt 0.567779 0.730750
vt 0.574372 0.732088
vt 0.574317 0.729063
vt 0.586183 0.736347
vt 0.579500 0.737303
vt 0.581734 0.741587
vt 0.580380 0.736384
vt 0.573365 0.733056
vt 0.572615 0.731559
vt 0.566133 0.730389
vt 0.567890 0.732178
vt 0.562671 0.734302
vt 0.560658 0.731613
vt 0.556849 0.736081
vt 0.553205 0.737017
vt 0.554579 0.733333
vt 0.545606 0.735805
vt 0.550019 0.732943
vt 0.552108 0.732713
vt 0.555806 0.733121
vt 0.548740 0.735749
vt 0.555882 0.737348
vt 0.563461 0.731895
vt 0.560567 0.732226
vt 0.570400 0.729316
vt 0.567728 0.729982
vt 0.569816 0.727651
vt 0.573752 0.726917
vt 0.578714 0.728518
vt 0.576223 0.731320
vt 0.586570 0.733991
vt 0.581442 0.723312
vt 0.573953 0.723949
vt 0.573440 0.719630
vt 0.581019 0.717119
vt 0.578181 0.712911
vt 0.565952 0.716484
vt 0.568936 0.711758
vt 0.592890 0.677487
vt 0.602593 0.678253
vt 0.621312 0.639177
vt 0.631619 0.642388
vt 0.640485 0.621413
vt 0.650354 0.625792
vt 0.674253 0.594380
vt 0.683719 0.599650
vt 0.701226 0.571917
vt 0.710949 0.578087
vt 0.712398 0.560137
vt 0.722523 0.567937
vt 0.735511 0.534650
vt 0.748474 0.538252
vt 0.759741 0.505421
vt 0.776660 0.507389
vt 0.770565 0.487471
vt 0.788455 0.490009
vt 0.777378 0.476115
vt 0.792486 0.477890
vt 0.806033 0.478115
vt 0.793780 0.486216
vt 0.799532 0.474062
vt 0.781914 0.482294
vt 0.770028 0.496504
vt 0.781492 0.502999
vt 0.744022 0.528627
vt 0.754423 0.533483
vt 0.719334 0.557402
vt 0.726897 0.564774
vt 0.705324 0.568757
vt 0.715066 0.574445
vt 0.679065 0.590890
vt 0.687690 0.597799
vt 0.648483 0.609809
vt 0.650773 0.620061
vt 0.618213 0.634334
vt 0.630080 0.639516
vt 0.593142 0.674027
vt 0.601365 0.676784
vt 0.567412 0.707409
vt 0.576496 0.711829
vt 0.581568 0.719481
vt 0.579993 0.726552
vt 0.586439 0.724637
vt 0.594406 0.733219
vt 0.591915 0.741485
vt 0.596896 0.742185
vt 0.589937 0.750288
vt 0.580617 0.749532
vt 0.581055 0.770639
vt 0.570014 0.769498
vt 0.581698 0.750269
vt 0.583877 0.741861
vt 0.591386 0.742845
vt 0.590525 0.751269
vt 0.579922 0.772496
vt 0.570235 0.770673
vt 0.571956 0.789131
vt 0.585176 0.772198
vt 0.577467 0.788050
vt 0.572027 0.786056
vt 0.572173 0.795193
vt 0.561187 0.786150
vt 0.561534 0.796523
vt 0.564061 0.802271
vt 0.565600 0.804302
vt 0.570085 0.809293
vt 0.578343 0.806309
vt 0.577774 0.821239
vt 0.584769 0.817062
vt 0.584402 0.827764
vt 0.589072 0.823699
vt 0.591946 0.833936
vt 0.582681 0.830321
vt 0.581383 0.827724
vt 0.580668 0.831835
vt 0.577830 0.834772
vt 0.583873 0.832487
vt 0.582208 0.836388
vt 0.588690 0.838820
vt 0.588232 0.832903
vt 0.598558 0.837315
vt 0.592736 0.830688
vt 0.602494 0.837001
vt 0.596873 0.832030
vt 0.597366 0.837671
vt 0.613827 0.850113
vt 0.599032 0.847639
vt 0.603481 0.856268
vt 0.598081 0.849110
vt 0.601870 0.857311
vt 0.596944 0.865521
vt 0.599158 0.864401
vt 0.607618 0.866856
vt 0.616299 0.857878
vt 0.609761 0.867971
vt 0.617581 0.858590
vt 0.611009 0.849206
vt 0.606706 0.842990
vt 0.606595 0.840721
vt 0.600481 0.841878
vt 0.587572 0.843823
vt 0.596067 0.845160
vt 0.584367 0.843591
vt 0.576642 0.846211
vt 0.573637 0.847215
vt 0.560492 0.849882
vt 0.558514 0.843975
vt 0.572540 0.839970
vt 0.569023 0.840016
vt 0.555913 0.844088
vt 0.555455 0.848258
vt 0.549688 0.844657
vt 0.549230 0.849247
vt 0.542290 0.841739
vt 0.539452 0.843834
vt 0.537987 0.846030
vt 0.544927 0.851436
vt 0.552179 0.853623
vt 0.544836 0.852469
vt 0.554066 0.851317
vt 0.559264 0.851776
vt 0.569571 0.843639
vt 0.578982 0.840000
vt 0.593119 0.843727
vt 0.593667 0.842726
vt 0.586929 0.838135
vt 0.580704 0.834501
vt 0.603813 0.851306
vt 0.606339 0.859996
vt 0.602474 0.867742
vt 0.589124 0.881206
vt 0.594891 0.881865
vt 0.593809 0.879447
vt 0.570973 0.899888
vt 0.586009 0.877420
vt 0.564290 0.897062
vt 0.555352 0.910605
vt 0.549786 0.907399
vt 0.543541 0.916433
vt 0.538378 0.913597
vt 0.549036 0.908424
vt 0.562936 0.898584
vt 0.552131 0.910590
vt 0.566488 0.900782
vt 0.585113 0.878974
vt 0.571395 0.902299
vt 0.555775 0.912595
vt 0.544366 0.918794
vt 0.541181 0.916821
vt 0.538086 0.914235
vt 0.527135 0.920046
vt 0.530029 0.922657
vt 0.509648 0.928805
vt 0.509079 0.928185
vt 0.526768 0.918980
vt 0.531932 0.922236
vt 0.533361 0.924101
vt 0.515470 0.932910
vt 0.513402 0.931399
vt 0.487510 0.941149
vt 0.486282 0.940941
vt 0.470480 0.949942
vt 0.474124 0.953208
vt 0.453103 0.957187
vt 0.456747 0.960874
vt 0.434554 0.963047
vt 0.434719 0.963719
vt 0.407892 0.970941
vt 0.410474 0.974251
vt 0.438197 0.966734
vt 0.388884 0.976769
vt 0.391265 0.980103
vt 0.411243 0.975267
vt 0.438967 0.967750
vt 0.409376 0.973730
vt 0.437356 0.965851
vt 0.408259 0.972008
vt 0.453470 0.957833
vt 0.456107 0.959966
vt 0.471708 0.950570
vt 0.474803 0.952735
vt 0.491465 0.943717
vt 0.493333 0.945254
vt 0.476212 0.954660
vt 0.490182 0.943846
vt 0.513639 0.931097
vt 0.457516 0.961890
vt 0.388995 0.977776
vt 0.389252 0.979096
vt 0.368211 0.982715
vt 0.367698 0.982598
vt 0.365574 0.983945
vt 0.368669 0.984009
vt 0.390716 0.980683
vt 0.369474 0.984748
vt 0.552234 0.844460
vt 0.545093 0.841601
vt 0.531817 0.833233
vt 0.529875 0.832933
vt 0.521179 0.824896
vt 0.519236 0.824596
vt 0.514622 0.826224
vt 0.526579 0.834576
vt 0.524052 0.836393
vt 0.511637 0.828008
vt 0.523504 0.837394
vt 0.511748 0.828596
vt 0.515557 0.827490
vt 0.525793 0.836718
vt 0.539069 0.845927
vt 0.536779 0.847022
vt 0.547126 0.851374
vt 0.543226 0.843846
vt 0.528833 0.835018
vt 0.518194 0.826260
vt 0.515814 0.823766
vt 0.511858 0.824560
vt 0.515411 0.820034
vt 0.518798 0.822402
vt 0.516197 0.821254
vt 0.518597 0.819905
vt 0.519805 0.817652
vt 0.517626 0.815973
vt 0.513157 0.818332
vt 0.511582 0.823301
vt 0.508542 0.820799
vt 0.508598 0.825086
vt 0.505759 0.822138
vt 0.505870 0.822726
vt 0.508049 0.825666
vt 0.509478 0.822066
vt 0.507702 0.819496
vt 0.513031 0.817540
vt 0.519880 0.814734
vt 0.521400 0.815985
vt 0.523926 0.817109
vt 0.525134 0.814856
vt 0.549289 0.805777
vt 0.548429 0.804534
vt 0.551725 0.804572
vt 0.551523 0.803757
vt 0.550004 0.803347
vt 0.546909 0.804123
vt 0.521893 0.812379
vt 0.523614 0.813605
vt 0.515905 0.814747
vt 0.510575 0.817124
vt 0.507848 0.817285
vt 0.504698 0.820080
vt 0.504552 0.821029
vt 0.513177 0.814909
vt 0.520026 0.812523
vt 0.546103 0.804224
vt 0.546159 0.805569
vt 0.548997 0.804314
vt 0.546818 0.806417
vt 0.549656 0.805162
vt 0.550718 0.805539
vt 0.548282 0.806744
vt 0.552037 0.803874
vt 0.550059 0.803430
vt 0.506162 0.819566
vt 0.592076 0.824796
vt 0.588232 0.818193
vt 0.585504 0.821297
vt 0.586510 0.827475
vt 0.579057 0.823212
vt 0.570507 0.810863
vt 0.574170 0.803142
vt 0.578015 0.810166
vt 0.576440 0.801686
vt 0.582464 0.807447
vt 0.574297 0.800151
vt 0.574317 0.796308
vt 0.570985 0.798227
vt 0.562616 0.798101
vt 0.563330 0.787686
vt 0.595779 0.751391
vt 0.551851 0.715423
vt 0.548061 0.723613
vt 0.560295 0.720616
vt 0.567602 0.724987
vt 0.570677 0.723010
vt 0.566192 0.734411
vt 0.559162 0.730037
vt 0.562055 0.739793
vt 0.554366 0.736253
vt 0.544880 0.735666
vt 0.538911 0.742177
vt 0.542278 0.744185
vt 0.546068 0.739777
vt 0.548357 0.730276
vt 0.547126 0.725288
vt 0.543920 0.727158
vt 0.540735 0.743258
vt 0.538279 0.737378
vt 0.546336 0.726014
vt 0.548496 0.737840
vt 0.534707 0.756254
vt 0.556059 0.740168
vt 0.554156 0.743531
vt 0.544595 0.758471
vt 0.541832 0.758909
vt 0.530132 0.756920
vt 0.524858 0.765684
vt 0.533921 0.767643
vt 0.500043 0.784842
vt 0.497497 0.783357
vt 0.521084 0.763151
vt 0.527475 0.755268
vt 0.528316 0.764557
vt 0.536886 0.767599
vt 0.506178 0.787828
vt 0.475194 0.802175
vt 0.475229 0.800217
vt 0.438458 0.824892
vt 0.442303 0.826032
vt 0.479220 0.800828
vt 0.501891 0.783917
vt 0.510516 0.787884
vt 0.486582 0.805703
vt 0.447119 0.829423
vt 0.445619 0.831474
vt 0.434155 0.838429
vt 0.436516 0.836360
vt 0.407564 0.850394
vt 0.402804 0.847086
vt 0.348248 0.875959
vt 0.351324 0.874402
vt 0.320339 0.887908
vt 0.315377 0.885467
vt 0.343890 0.873022
vt 0.317189 0.881456
vt 0.343322 0.869039
vt 0.401978 0.843465
vt 0.428936 0.834668
vt 0.427653 0.831014
vt 0.405768 0.844521
vt 0.431040 0.832121
vt 0.411097 0.849710
vt 0.439081 0.827698
vt 0.482189 0.805564
vt 0.347569 0.870128
vt 0.324532 0.885552
vt 0.317059 0.889335
vt 0.321235 0.882151
vt 0.308599 0.884778
vt 0.313506 0.884614
vt 0.291617 0.895023
vt 0.284330 0.897316
vt 0.311292 0.889516
vt 0.282151 0.895637
vt 0.309369 0.887895
vt 0.284275 0.892609
vt 0.287918 0.891253
vt 0.276067 0.895100
vt 0.271563 0.895634
vt 0.260171 0.898674
vt 0.259768 0.901246
vt 0.270959 0.898652
vt 0.262148 0.902479
vt 0.250097 0.906352
vt 0.247515 0.904724
vt 0.234895 0.908396
vt 0.236616 0.910042
vt 0.230004 0.910445
vt 0.230260 0.909663
vt 0.235297 0.907084
vt 0.229546 0.909151
vt 0.237421 0.906578
vt 0.253484 0.901995
vt 0.248778 0.902554
vt 0.264876 0.897694
vt 0.278906 0.898888
vt 0.267513 0.901088
vt 0.255461 0.906221
vt 0.273999 0.900313
vt 0.237970 0.909781
vt 0.229948 0.910361
vt 0.229948 0.909100
vt 0.563390 0.737911
vt 0.555443 0.742298
vt 0.551654 0.747126
vt 0.531328 0.755459
vt 0.540044 0.758393
vt 0.542298 0.759675
vt 0.555629 0.747112
vt 0.547939 0.744412
vt 0.535413 0.757294
vt 0.502104 0.791085
vt 0.508787 0.793071
vt 0.507852 0.791384
vt 0.497560 0.803507
vt 0.487526 0.800978
vt 0.493862 0.812345
vt 0.494999 0.813166
vt 0.499155 0.804781
vt 0.492215 0.803157
vt 0.488260 0.811937
vt 0.482730 0.810556
vt 0.486282 0.801406
vt 0.483626 0.810682
vt 0.499136 0.788450
vt 0.496574 0.788863
vt 0.528363 0.754662
vt 0.470093 0.867400
vt 0.462238 0.866130
vt 0.459400 0.875371
vt 0.467054 0.876246
vt 0.470259 0.867651
vt 0.465096 0.867336
vt 0.466963 0.876438
vt 0.461598 0.876149
vt 0.457386 0.876044
vt 0.451710 0.884439
vt 0.459822 0.884927
vt 0.449274 0.887325
vt 0.446325 0.886311
vt 0.443542 0.889751
vt 0.443230 0.889189
vt 0.430302 0.894977
vt 0.446874 0.890774
vt 0.433946 0.895722
vt 0.418436 0.900301
vt 0.421420 0.901459
vt 0.414828 0.904323
vt 0.424314 0.902389
vt 0.417923 0.905228
vt 0.413107 0.906880
vt 0.411330 0.905991
vt 0.410268 0.906454
vt 0.411386 0.906915
vt 0.415799 0.905314
vt 0.410067 0.906480
vt 0.414078 0.904508
vt 0.419810 0.901241
vt 0.412704 0.903569
vt 0.410268 0.905614
vt 0.432994 0.895932
vt 0.422849 0.902482
vt 0.436235 0.896728
vt 0.437041 0.897046
vt 0.447644 0.891790
vt 0.448907 0.892563
vt 0.453376 0.891465
vt 0.454584 0.892574
vt 0.458448 0.894494
vt 0.457880 0.894714
vt 0.458851 0.898646
vt 0.459857 0.898520
vt 0.462494 0.905695
vt 0.465222 0.898809
vt 0.467658 0.906010
vt 0.472328 0.905728
vt 0.469233 0.898519
vt 0.465021 0.890008
vt 0.460205 0.891661
vt 0.456707 0.889126
vt 0.449310 0.886207
vt 0.464618 0.884595
vt 0.453466 0.882866
vt 0.462202 0.866827
vt 0.465187 0.884375
vt 0.466304 0.891141
vt 0.467879 0.898780
vt 0.462660 0.892918
vt 0.464381 0.905911
vt 0.466450 0.920872
vt 0.468337 0.921088
vt 0.465333 0.946889
vt 0.468976 0.947214
vt 0.471211 0.920817
vt 0.475221 0.921367
vt 0.472987 0.947764
vt 0.471120 0.948328
vt 0.473812 0.921124
vt 0.470717 0.905930
vt 0.465645 0.947451
vt 0.462696 0.955684
vt 0.466339 0.956009
vt 0.456305 0.963567
vt 0.459546 0.963942
vt 0.469892 0.957367
vt 0.462439 0.965292
vt 0.461231 0.965444
vt 0.468483 0.957544
vt 0.462348 0.956239
vt 0.457074 0.964582
vt 0.441343 0.972610
vt 0.442571 0.974079
vt 0.427499 0.982534
vt 0.430282 0.984137
vt 0.445244 0.974674
vt 0.431656 0.985918
vt 0.447277 0.976042
vt 0.430650 0.986044
vt 0.446270 0.976589
vt 0.427811 0.983517
vt 0.415084 0.987598
vt 0.418124 0.990100
vt 0.402101 0.989940
vt 0.404280 0.992880
vt 0.390637 0.995214
vt 0.389117 0.992702
vt 0.378570 0.995941
vt 0.378917 0.994966
vt 0.390124 0.992155
vt 0.379979 0.995763
vt 0.391186 0.993373
vt 0.380235 0.997082
vt 0.391443 0.994692
vt 0.378972 0.997571
vt 0.405287 0.992753
vt 0.419131 0.989974
vt 0.417757 0.988193
vt 0.404572 0.990981
vt 0.415633 0.986598
vt 0.402650 0.989360
vt 0.371061 1.000000
vt 0.372526 0.999066
vt 0.367966 0.999936
vt 0.370347 0.997807
vt 0.374046 0.997795
vt 0.803045 0.358701
vt 0.752067 0.322202
vt 0.733351 0.348826
vt 0.723226 0.337244
vt 0.739762 0.319869
vt 0.732219 0.318320
vt 0.718153 0.346403
vt 0.707550 0.358384
vt 0.720790 0.361564
vt 0.729617 0.358361
vt 0.726285 0.366584
vt 0.746611 0.356149
vt 0.753606 0.352393
vt 0.751226 0.354102
vt 0.751684 0.354135
vt 0.735207 0.292736
vt 0.735227 0.293936
vt 0.725338 0.311472
vt 0.836090 0.206860
vt 0.738523 0.287251
vt 0.747752 0.278533
vt 0.755004 0.260966
vt 0.839386 0.175797
vt 0.839386 0.175377
vt 0.757641 0.250069
vt 0.750314 0.278540
vt 0.757728 0.279981
vt 0.748297 0.293347
vt 0.758734 0.289521
vt 0.755639 0.294500
vt 0.749907 0.304072
vt 0.762488 0.280346
vt 0.762488 0.274042
vt 0.768879 0.250609
vt 0.763313 0.250765
vt 0.757163 0.249676
vt 0.767837 0.228316
vt 0.764782 0.227712
vt 0.764892 0.227459
vt 0.764233 0.230814
vt 0.839386 0.174116
vt 0.765552 0.214858
vt 0.838727 0.144268
vt 0.766211 0.207721
vt 0.766870 0.205207
vt 0.769669 0.205753
vt 0.775270 0.228436
vt 0.773952 0.238508
vt 0.782301 0.228187
vt 0.777047 0.218398
vt 0.778365 0.205385
vt 0.783675 0.205590
vt 0.779684 0.196154
vt 0.769578 0.174425
vt 0.768189 0.174542
vt 0.767529 0.184201
vt 0.838727 0.135862
vt 0.838068 0.109797
vt 0.767529 0.159824
vt 0.840046 0.085864
vt 0.841364 0.075372
vt 0.766870 0.143425
vt 0.766211 0.134171
vt 0.843342 0.050178
vt 0.843342 0.049758
vt 0.844001 0.046824
vt 0.760937 0.109312
vt 0.768169 0.143501
vt 0.761138 0.109287
vt 0.760937 0.108892
vt 0.760278 0.106783
vt 0.760278 0.082406
vt 0.775582 0.107956
vt 0.781460 0.140304
vt 0.781460 0.142826
vt 0.780801 0.168456
vt 0.780142 0.174332
vt 0.783529 0.174178
vt 0.782723 0.142758
vt 0.779684 0.128908
vt 0.780142 0.112970
vt 0.810281 0.142135
vt 0.808450 0.173104
vt 0.806673 0.204577
vt 0.831578 0.205820
vt 0.831322 0.228457
vt 0.804640 0.227165
vt 0.842915 0.228754
vt 0.843630 0.206150
vt 0.831890 0.174020
vt 0.844400 0.174804
vt 0.833264 0.142178
vt 0.809421 0.106848
vt 0.780142 0.107927
vt 0.786533 0.086175
vt 0.773368 0.073772
vt 0.760937 0.074849
vt 0.760937 0.059298
vt 0.761596 0.048799
vt 0.771958 0.048311
vt 0.762915 0.037467
vt 0.766211 0.023216
vt 0.772582 0.022958
vt 0.796678 0.047683
vt 0.794242 0.063597
vt 0.806803 0.072714
vt 0.805138 0.047196
vt 0.833137 0.074141
vt 0.835352 0.107905
vt 0.791605 0.073233
vt 0.842789 0.143485
vt 0.842789 0.145166
vt 0.843448 0.175014
vt 0.841033 0.109333
vt 0.839035 0.108950
vt 0.836599 0.089140
vt 0.835940 0.074423
vt 0.842316 0.075162
vt 0.834622 0.052973
vt 0.833651 0.048620
vt 0.833303 0.030682
vt 0.827572 0.027645
vt 0.803728 0.031822
vt 0.799315 0.042670
vt 0.802062 0.022695
vt 0.777453 0.006680
vt 0.795928 0.007100
vt 0.805963 0.004585
vt 0.808142 0.017612
vt 0.830208 0.020531
vt 0.833102 0.023142
vt 0.843543 0.049733
vt 0.834622 0.048770
vt 0.844660 0.023716
vt 0.838376 0.013537
vt 0.838376 0.013117
vt 0.845320 0.022462
vt 0.841672 0.010214
vt 0.836892 0.010329
vt 0.833962 0.021023
vt 0.817718 0.010441
vt 0.807482 0.004996
vt 0.806823 0.004147
vt 0.817149 0.000214
vt 0.822045 0.000146
vt 0.827935 0.001237
vt 0.826521 0.000078
vt 0.828170 0.000023
vt 0.829451 -0.000000
vt 0.831331 0.000015
vt 0.843302 0.000109
vt 0.842181 0.001348
vt 0.853714 0.001100
vt 0.853941 0.001476
vt 0.854161 0.001140
vt 0.854053 0.001226
vt 0.853971 0.001314
vt 0.853594 0.002031
vt 0.852934 0.002444
vt 0.852934 0.003704
vt 0.849658 0.009910
vt 0.849275 0.009060
vt 0.847297 0.019964
vt 0.847203 0.007392
vt 0.850594 0.005293
vt 0.853731 0.001422
vt 0.853400 0.001883
vt 0.853137 0.002079
vt 0.853126 0.002079
vt 0.849924 0.002042
vt 0.848980 0.002031
vt 0.845834 0.001994
vt 0.802494 0.000480
vt 0.844576 0.001979
vt 0.800405 0.000488
vt 0.844216 0.001975
vt 0.843590 0.001967
vt 0.842498 0.001955
vt 0.841262 0.001940
vt 0.794777 0.000481
vt 0.840220 0.001928
vt 0.839610 0.001921
vt 0.838817 0.001911
vt 0.835722 0.001875
vt 0.835182 0.001869
vt 0.828476 0.001790
vt 0.827511 0.001779
vt 0.791490 0.000560
vt 0.825828 0.001759
vt 0.824901 0.001748
vt 0.765552 0.020266
vt 0.817873 0.001666
vt 0.790969 0.000570
vt 0.790449 0.000581
vt 0.788066 0.000629
vt 0.816200 0.001646
vt 0.781952 0.000766
vt 0.802007 0.001480
vt 0.776162 0.000900
vt 0.800720 0.001464
vt 0.765552 0.007237
vt 0.762255 0.014343
vt 0.787908 0.001314
vt 0.775037 0.000923
vt 0.759935 0.000986
vt 0.767248 0.000955
vt 0.766772 0.000949
vt 0.762858 0.000954
vt 0.806823 0.002887
vt 0.805936 0.000474
vt 0.807180 0.000470
vt 0.814163 0.000273
vt 0.814962 0.000250
vt 0.842789 0.142645
vt 0.840136 0.206713
vt 0.836090 0.211903
vt 0.839422 0.229738
vt 0.840227 0.252332
vt 0.841672 0.229183
vt 0.841672 0.215313
vt 0.841672 0.240530
vt 0.840354 0.252283
vt 0.833453 0.283321
vt 0.836090 0.287975
vt 0.793240 0.322776
vt 0.787307 0.317243
vt 0.786849 0.316369
vt 0.786647 0.316394
vt 0.834113 0.263995
vt 0.711494 0.368049
vt 0.785988 0.317648
vt 0.777418 0.333518
vt 0.776099 0.335184
vt 0.768848 0.351069
vt 0.762915 0.360666
vt 0.760278 0.370722
vt 0.749730 0.382787
vt 0.756322 0.376140
vt 0.793240 0.323617
vt 0.796536 0.331641
vt 0.836749 0.294707
vt 0.800491 0.337571
vt 0.801956 0.340420
vt 0.803728 0.359645
vt 0.814991 0.364904
vt 0.815650 0.364911
vt 0.805765 0.340995
vt 0.801810 0.339688
vt 0.842683 0.305704
vt 0.842023 0.300653
vt 0.843342 0.314538
vt 0.844001 0.321270
vt 0.843342 0.327987
vt 0.841364 0.333007
vt 0.838727 0.335078
vt 0.832794 0.338370
vt 0.830816 0.341709
vt 0.830157 0.342542
vt 0.817632 0.346178
vt 0.814995 0.346147
vt 0.826454 0.363833
vt 0.827260 0.365413
vt 0.816052 0.366122
vt 0.825203 0.403035
vt 0.837124 0.402838
vt 0.837709 0.418793
vt 0.828681 0.411935
vt 0.821555 0.415163
vt 0.830986 0.416507
vt 0.836935 0.410476
vt 0.845505 0.414360
vt 0.838182 0.421132
vt 0.846879 0.434632
vt 0.845856 0.434975
vt 0.846002 0.452938
vt 0.845102 0.452656
vt 0.842908 0.490280
vt 0.838309 0.480343
vt 0.834831 0.495820
vt 0.832723 0.490646
vt 0.847609 0.484942
vt 0.852480 0.477489
vt 0.859420 0.489200
vt 0.868614 0.480759
vt 0.861508 0.496536
vt 0.863451 0.490111
vt 0.872151 0.494942
vt 0.863123 0.501953
vt 0.864260 0.510339
vt 0.857099 0.504598
vt 0.860818 0.511670
vt 0.864793 0.522584
vt 0.875542 0.520161
vt 0.873343 0.506774
vt 0.874152 0.517336
vt 0.870836 0.501807
vt 0.869352 0.490193
vt 0.867667 0.479864
vt 0.875135 0.483490
vt 0.867757 0.450672
vt 0.876343 0.450556
vt 0.870852 0.430142
vt 0.877918 0.427935
vt 0.862851 0.410068
vt 0.853495 0.398241
vt 0.850546 0.418242
vt 0.841944 0.363516
vt 0.827572 0.363033
vt 0.837259 0.355189
vt 0.837717 0.354802
vt 0.841672 0.347703
vt 0.843448 0.340607
vt 0.858035 0.433575
vt 0.856459 0.451574
vt 0.852670 0.480358
vt 0.846279 0.497067
vt 0.847210 0.499859
vt 0.849812 0.504369
vt 0.850053 0.506325
vt 0.860912 0.501967
vt 0.855674 0.490702
vt 0.866206 0.517099
vt 0.855603 0.519413
vt 0.856389 0.521894
vt 0.859961 0.544206
vt 0.867248 0.545276
vt 0.866407 0.566668
vt 0.873695 0.565636
vt 0.883437 0.565861
vt 0.877393 0.543349
vt 0.877524 0.541354
vt 0.884025 0.566421
vt 0.873845 0.567784
vt 0.870237 0.541546
vt 0.860897 0.543792
vt 0.863644 0.568367
vt 0.875068 0.584648
vt 0.883473 0.583236
vt 0.877851 0.592555
vt 0.886054 0.593691
vt 0.874480 0.632840
vt 0.867394 0.630064
vt 0.863237 0.633826
vt 0.871587 0.637794
vt 0.865764 0.638312
vt 0.865507 0.641196
vt 0.869956 0.642260
vt 0.864189 0.645383
vt 0.866403 0.648887
vt 0.862926 0.649655
vt 0.863474 0.651176
vt 0.866001 0.659445
vt 0.867153 0.657108
vt 0.879422 0.656356
vt 0.879332 0.648143
vt 0.881566 0.659572
vt 0.883709 0.651441
vt 0.876659 0.661418
vt 0.874646 0.652004
vt 0.870525 0.661794
vt 0.869317 0.653960
vt 0.867651 0.650717
vt 0.869226 0.649530
vt 0.862744 0.652141
vt 0.865034 0.651046
vt 0.866609 0.646917
vt 0.873896 0.645465
vt 0.864485 0.642380
vt 0.871425 0.638540
vt 0.857983 0.637907
vt 0.866297 0.632485
vt 0.873312 0.593785
vt 0.879868 0.595400
vt 0.871188 0.585465
vt 0.879063 0.585835
vt 0.853807 0.640467
vt 0.856645 0.647198
vt 0.840496 0.647086
vt 0.843097 0.644872
vt 0.847420 0.648927
vt 0.831105 0.652347
vt 0.837128 0.658108
vt 0.823486 0.660442
vt 0.816601 0.657220
vt 0.816929 0.665131
vt 0.809385 0.662322
vt 0.803211 0.675007
vt 0.797590 0.672978
vt 0.792075 0.684409
vt 0.783414 0.683241
vt 0.767111 0.704361
vt 0.760372 0.704392
vt 0.756563 0.699614
vt 0.782846 0.677997
vt 0.764051 0.697296
vt 0.789217 0.675218
vt 0.798431 0.666296
vt 0.794037 0.666997
vt 0.811489 0.656833
vt 0.806638 0.657921
vt 0.820572 0.652847
vt 0.816234 0.652791
vt 0.831578 0.649642
vt 0.829620 0.648718
vt 0.843938 0.652059
vt 0.859997 0.650262
vt 0.850495 0.656196
vt 0.834160 0.654632
vt 0.837164 0.658251
vt 0.851521 0.654328
vt 0.825152 0.661583
vt 0.824473 0.658274
vt 0.818685 0.661457
vt 0.806085 0.670953
vt 0.795809 0.679498
vt 0.769783 0.700333
vt 0.764087 0.705425
vt 0.761671 0.710352
vt 0.753211 0.710419
vt 0.747057 0.722623
vt 0.743852 0.718189
vt 0.750006 0.705985
vt 0.750425 0.716645
vt 0.757897 0.702775
vt 0.757273 0.719303
vt 0.754198 0.722541
vt 0.746066 0.736823
vt 0.749142 0.735686
vt 0.744160 0.747595
vt 0.737054 0.745719
vt 0.742293 0.732609
vt 0.731946 0.745909
vt 0.736983 0.732823
vt 0.734749 0.746611
vt 0.728906 0.756436
vt 0.726360 0.755371
vt 0.715228 0.770394
vt 0.712279 0.769380
vt 0.706054 0.782137
vt 0.702043 0.781167
vt 0.701953 0.787243
vt 0.706512 0.788895
vt 0.697906 0.794534
vt 0.693694 0.793589
vt 0.699059 0.786313
vt 0.695909 0.794571
vt 0.699497 0.787247
vt 0.702245 0.796271
vt 0.707151 0.789383
vt 0.704992 0.796890
vt 0.709038 0.789599
vt 0.702924 0.795799
vt 0.710412 0.783394
vt 0.713341 0.784467
vt 0.720447 0.772053
vt 0.724639 0.773058
vt 0.735242 0.758556
vt 0.736853 0.760455
vt 0.741286 0.747865
vt 0.739786 0.736467
vt 0.731212 0.757225
vt 0.722093 0.771994
vt 0.715098 0.769866
vt 0.703342 0.782083
vt 0.710996 0.784218
vt 0.691681 0.803088
vt 0.687872 0.801672
vt 0.689628 0.802201
vt 0.680620 0.808732
vt 0.682377 0.808841
vt 0.664723 0.825334
vt 0.662509 0.826453
vt 0.684173 0.810510
vt 0.688128 0.811817
vt 0.697559 0.805176
vt 0.699627 0.805427
vt 0.690197 0.812068
vt 0.697081 0.804362
vt 0.688109 0.811457
vt 0.669137 0.827936
vt 0.670767 0.829354
vt 0.667581 0.829062
vt 0.664542 0.827821
vt 0.648152 0.844247
vt 0.646576 0.843332
vt 0.647125 0.842752
vt 0.642621 0.849590
vt 0.644196 0.849664
vt 0.642163 0.855441
vt 0.640991 0.850693
vt 0.644946 0.854522
vt 0.652142 0.844857
vt 0.647840 0.851670
vt 0.652454 0.845840
vt 0.646375 0.849662
vt 0.650330 0.844665
vt 0.864299 0.650594
vt 0.866167 0.652552
vt 0.867410 0.666833
vt 0.869222 0.664504
vt 0.872664 0.667796
vt 0.884420 0.665246
vt 0.879458 0.663645
vt 0.886710 0.664150
vt 0.884128 0.663363
vt 0.888395 0.669015
vt 0.882774 0.665305
vt 0.880192 0.669980
vt 0.877409 0.667957
vt 0.871677 0.672065
vt 0.871073 0.668779
vt 0.868875 0.670102
vt 0.871657 0.674647
vt 0.875779 0.675365
vt 0.876821 0.679165
vt 0.881929 0.677294
vt 0.877626 0.672339
vt 0.890701 0.673587
vt 0.886287 0.668464
vt 0.896322 0.671413
vt 0.894289 0.667944
vt 0.893941 0.665136
vt 0.931368 0.668892
vt 0.933144 0.666419
vt 0.934116 0.666148
vt 0.893906 0.664992
vt 0.934483 0.669316
vt 0.894676 0.668950
vt 0.933768 0.673007
vt 0.897001 0.672201
vt 0.893961 0.673061
vt 0.898209 0.673310
vt 0.894510 0.674162
vt 0.891782 0.673904
vt 0.895627 0.677986
vt 0.893760 0.677710
vt 0.889054 0.677848
vt 0.887077 0.672361
vt 0.881345 0.680252
vt 0.891360 0.689145
vt 0.893448 0.688915
vt 0.905350 0.701807
vt 0.909396 0.701661
vt 0.894747 0.688150
vt 0.900222 0.686506
vt 0.915329 0.700890
vt 0.914836 0.699452
vt 0.902366 0.686360
vt 0.893081 0.677762
vt 0.931167 0.671439
vt 0.953486 0.673420
vt 0.954860 0.675200
vt 0.931680 0.673657
vt 0.958211 0.675743
vt 0.960647 0.672857
vt 0.981190 0.677731
vt 0.980622 0.677110
vt 0.981885 0.675781
vt 0.990344 0.677816
vt 0.991059 0.677907
vt 0.991773 0.676738
vt 0.993641 0.677014
vt 0.992725 0.676528
vt 0.989886 0.676522
vt 0.993183 0.676140
vt 0.990802 0.674907
vt 0.991517 0.675419
vt 0.983369 0.675207
vt 0.983515 0.673417
vt 0.959676 0.669345
vt 0.993641 0.676594
vt 0.956984 0.670071
vt 0.898063 0.683926
vt 0.897660 0.688180
vt 0.909672 0.700398
vt 0.906779 0.701149
vt 0.920074 0.719123
vt 0.923919 0.719843
vt 0.927839 0.726890
vt 0.930421 0.726838
vt 0.926556 0.717352
vt 0.932856 0.725633
vt 0.931795 0.728618
vt 0.932509 0.729130
vt 0.931648 0.724944
vt 0.924543 0.715924
vt 0.926868 0.715393
vt 0.920386 0.717584
vt 0.927034 0.726571
vt 0.930330 0.728291
vt 0.930073 0.728653
vt 0.890105 0.584034
vt 0.891770 0.595683
vt 0.895138 0.595169
vt 0.883105 0.635126
vt 0.881933 0.640045
vt 0.884846 0.637973
vt 0.884333 0.643740
vt 0.879845 0.644057
vt 0.884223 0.647775
vt 0.893416 0.583436
vt 0.851754 0.511393
vt 0.853491 0.500634
vt 0.857940 0.499597
vt 0.856657 0.503508
vt 0.848308 0.503322
vt 0.843547 0.502536
vt 0.835727 0.516120
vt 0.847317 0.516681
vt 0.834827 0.539794
vt 0.824098 0.538795
vt 0.825381 0.513449
vt 0.816534 0.535205
vt 0.810178 0.569290
vt 0.801150 0.567895
vt 0.809006 0.579672
vt 0.797341 0.577827
vt 0.816731 0.654805
vt 0.812097 0.654811
vt 0.817351 0.653252
vt 0.796149 0.575241
vt 0.804186 0.575705
vt 0.831140 0.651650
vt 0.817920 0.579062
vt 0.834859 0.650737
vt 0.822755 0.579871
vt 0.821291 0.569038
vt 0.817316 0.566530
vt 0.836327 0.538583
vt 0.833323 0.533283
vt 0.853175 0.513785
vt 0.846930 0.510211
vt 0.819846 0.569912
vt 0.820651 0.580317
vt 0.828085 0.652726
vt 0.830319 0.660793
vt 0.838869 0.658853
vt 0.848813 0.672922
vt 0.838743 0.674452
vt 0.830319 0.676764
vt 0.821950 0.663610
vt 0.818377 0.664413
vt 0.829182 0.678044
vt 0.836213 0.676534
vt 0.822570 0.662477
vt 0.845698 0.675019
vt 0.833777 0.660927
vt 0.859416 0.686999
vt 0.859487 0.692330
vt 0.870035 0.701700
vt 0.863024 0.694744
vt 0.847167 0.688111
vt 0.872968 0.707133
vt 0.858631 0.706373
vt 0.840922 0.691682
vt 0.849638 0.709325
vt 0.852058 0.713801
vt 0.858650 0.712197
vt 0.849113 0.721769
vt 0.857024 0.720181
vt 0.852871 0.729142
vt 0.863818 0.721073
vt 0.860067 0.730404
vt 0.858074 0.735640
vt 0.850017 0.734816
vt 0.845549 0.736334
vt 0.846883 0.730670
vt 0.843460 0.739085
vt 0.846113 0.734277
vt 0.847562 0.742805
vt 0.850874 0.737584
vt 0.854423 0.731641
vt 0.849003 0.727065
vt 0.855702 0.726734
vt 0.851142 0.721300
vt 0.858263 0.725060
vt 0.851067 0.719175
vt 0.854454 0.727006
vt 0.847660 0.721070
vt 0.846488 0.730612
vt 0.842533 0.725102
vt 0.845205 0.719393
vt 0.839126 0.727838
vt 0.838778 0.731755
vt 0.841707 0.737452
vt 0.838502 0.734278
vt 0.848864 0.750602
vt 0.850167 0.736544
vt 0.855402 0.750596
vt 0.851482 0.762461
vt 0.846263 0.761643
vt 0.844577 0.759720
vt 0.847179 0.747839
vt 0.846646 0.758710
vt 0.848789 0.745956
vt 0.842694 0.731081
vt 0.845185 0.724917
vt 0.839674 0.725577
vt 0.850716 0.717892
vt 0.861666 0.709559
vt 0.848557 0.710689
vt 0.850917 0.691809
vt 0.839986 0.692516
vt 0.878514 0.709978
vt 0.880109 0.718818
vt 0.876118 0.717787
vt 0.868811 0.724343
vt 0.884961 0.722353
vt 0.874413 0.727273
vt 0.866265 0.725380
vt 0.865038 0.726013
vt 0.879667 0.729917
vt 0.866995 0.726516
vt 0.866482 0.725139
vt 0.880875 0.728924
vt 0.881625 0.724116
vt 0.865566 0.717507
vt 0.887925 0.718948
vt 0.900597 0.726971
vt 0.897411 0.730882
vt 0.912645 0.750261
vt 0.909897 0.750483
vt 0.924401 0.769986
vt 0.920078 0.770554
vt 0.911508 0.749860
vt 0.922806 0.769972
vt 0.916873 0.747627
vt 0.931265 0.767384
vt 0.934727 0.766413
vt 0.924290 0.746282
vt 0.919896 0.748664
vt 0.932311 0.768818
vt 0.927440 0.778372
vt 0.922715 0.778571
vt 0.926635 0.784777
vt 0.923228 0.785412
vt 0.927109 0.781232
vt 0.934250 0.776947
vt 0.935916 0.786494
vt 0.933097 0.788530
vt 0.924839 0.787731
vt 0.918724 0.799815
vt 0.924602 0.798960
vt 0.929272 0.798257
vt 0.937968 0.788222
vt 0.929584 0.797979
vt 0.938079 0.785868
vt 0.926197 0.798133
vt 0.933831 0.785199
vt 0.935754 0.779255
vt 0.939689 0.775999
vt 0.948844 0.785330
vt 0.942784 0.785730
vt 0.945054 0.793940
vt 0.941043 0.794230
vt 0.952835 0.802331
vt 0.953529 0.801643
vt 0.942397 0.793129
vt 0.959352 0.800704
vt 0.949081 0.790912
vt 0.964279 0.800900
vt 0.954208 0.790663
vt 0.960544 0.802029
vt 0.949815 0.793045
vt 0.941537 0.785161
vt 0.955326 0.802051
vt 0.986397 0.831906
vt 0.991615 0.830203
vt 0.992567 0.839239
vt 0.989875 0.838704
vt 0.983045 0.831363
vt 0.983337 0.829885
vt 0.988098 0.828148
vt 0.990167 0.837225
vt 0.994927 0.835910
vt 0.993171 0.827395
vt 1.000000 0.835997
vt 0.998243 0.838830
vt 0.998480 0.846093
vt 0.994122 0.846518
vt 0.991355 0.864032
vt 0.989578 0.863563
vt 0.991888 0.846016
vt 0.991777 0.844588
vt 0.996080 0.844080
vt 0.999633 0.844177
vt 0.995804 0.862574
vt 0.994394 0.863592
vt 0.991738 0.877490
vt 0.992085 0.876516
vt 0.990510 0.885268
vt 0.987470 0.885287
vt 0.988698 0.877510
vt 0.985035 0.884811
vt 0.985402 0.877051
vt 0.989065 0.862606
vt 0.984889 0.875674
vt 0.989871 0.862084
vt 0.987013 0.875588
vt 0.987763 0.883388
vt 0.990857 0.884293
vt 0.989282 0.892204
vt 0.989630 0.890809
vt 0.985876 0.890317
vt 0.986937 0.894477
vt 0.985418 0.894487
vt 0.985876 0.895361
vt 0.987395 0.895351
vt 0.988714 0.894105
vt 0.987853 0.895384
vt 0.986444 0.891778
vt 0.986132 0.895419
vt 0.984668 0.891310
vt 0.985382 0.883836
vt 0.984814 0.891201
vt 0.984814 0.894563
vt 0.984557 0.894504
vt 0.919861 0.798535
vt 0.901296 0.824365
vt 0.900269 0.824972
vt 0.916912 0.798782
vt 0.904114 0.824850
vt 0.894739 0.855953
vt 0.899042 0.855444
vt 0.902539 0.855458
vt 0.909132 0.825274
vt 0.904572 0.855565
vt 0.911421 0.826280
vt 0.905745 0.855689
vt 0.910872 0.826440
vt 0.906368 0.825292
vt 0.902559 0.856238
vt 0.895967 0.856581
vt 0.895710 0.866189
vt 0.903163 0.865408
vt 0.907008 0.874113
vt 0.901734 0.874892
vt 0.900964 0.874717
vt 0.895343 0.865543
vt 0.904351 0.873722
vt 0.899646 0.864614
vt 0.908966 0.872936
vt 0.903802 0.864215
vt 0.911457 0.872655
vt 0.905835 0.864322
vt 0.909992 0.873169
vt 0.906349 0.864439
vt 0.918452 0.890754
vt 0.914038 0.891516
vt 0.913067 0.891366
vt 0.916912 0.890825
vt 0.915448 0.899744
vt 0.921472 0.899201
vt 0.920410 0.890418
vt 0.926232 0.898725
vt 0.923102 0.889692
vt 0.928522 0.898050
vt 0.934400 0.905601
vt 0.932110 0.906276
vt 0.937384 0.914324
vt 0.941194 0.913639
vt 0.938667 0.914195
vt 0.946669 0.921661
vt 0.944142 0.922217
vt 0.939784 0.923062
vt 0.934309 0.914200
vt 0.927113 0.905372
vt 0.931873 0.905738
vt 0.922352 0.899123
vt 0.927314 0.898202
vt 0.921436 0.890231
vt 0.917078 0.899481
vt 0.914496 0.906679
vt 0.917848 0.906381
vt 0.920631 0.905883
vt 0.915321 0.913662
vt 0.910450 0.913970
vt 0.912262 0.914583
vt 0.915045 0.907360
vt 0.923560 0.906116
vt 0.918598 0.913761
vt 0.914496 0.920548
vt 0.916987 0.919427
vt 0.919971 0.913020
vt 0.914919 0.921278
vt 0.918764 0.913172
vt 0.910817 0.921341
vt 0.907264 0.921244
vt 0.908875 0.921882
vt 0.904627 0.931720
vt 0.904079 0.931459
vt 0.901698 0.939052
vt 0.903273 0.938706
vt 0.906514 0.931516
vt 0.910012 0.931949
vt 0.905251 0.940410
vt 0.903017 0.940748
vt 0.901039 0.940725
vt 0.904683 0.939789
vt 0.909187 0.931690
vt 0.907576 0.939458
vt 0.911220 0.931797
vt 0.923615 0.906620
vt 0.932075 0.913278
vt 0.925830 0.905501
vt 0.932825 0.913933
vt 0.938959 0.923224
vt 0.937751 0.922955
vt 0.946120 0.930226
vt 0.949160 0.929786
vt 0.954232 0.941221
vt 0.952602 0.941484
vt 0.943428 0.930532
vt 0.953609 0.940937
vt 0.944379 0.930742
vt 0.948078 0.929469
vt 0.942859 0.922346
vt 0.951485 0.929255
vt 0.960659 0.939786
vt 0.957931 0.940368
vt 0.962289 0.951292
vt 0.960458 0.951159
vt 0.965329 0.954214
vt 0.963955 0.954115
vt 0.966995 0.954936
vt 0.968112 0.954556
vt 0.965127 0.950457
vt 0.966793 0.949497
vt 0.964302 0.949777
vt 0.956648 0.940497
vt 0.961922 0.950646
vt 0.966079 0.952768
vt 0.967855 0.952396
vt 0.964760 0.953593
vt 0.856996 0.722030
vt 0.858974 0.727097
vt 0.857217 0.729510
vt 0.852512 0.730489
vt 0.854012 0.735162
vt 0.856483 0.732841
vt 0.854194 0.731835
vt 0.860857 0.747330
vt 0.859906 0.749642
vt 0.855327 0.762340
vt 0.856937 0.760877
vt 0.842177 0.778300
vt 0.842343 0.779812
vt 0.838699 0.779067
vt 0.829928 0.791601
vt 0.832656 0.791439
vt 0.831483 0.820314
vt 0.828499 0.820418
vt 0.822163 0.820399
vt 0.822732 0.790339
vt 0.819416 0.819780
vt 0.819984 0.789300
vt 0.820825 0.819603
vt 0.822858 0.789449
vt 0.827362 0.819596
vt 0.829596 0.789838
vt 0.839943 0.777378
vt 0.831685 0.775318
vt 0.853384 0.759519
vt 0.858165 0.745955
vt 0.832545 0.790851
vt 0.831574 0.819701
vt 0.834247 0.859803
vt 0.834010 0.860525
vt 0.829762 0.860697
vt 0.831227 0.876574
vt 0.823059 0.874321
vt 0.822712 0.860586
vt 0.821172 0.873685
vt 0.821228 0.860320
vt 0.823699 0.872708
vt 0.822893 0.859781
vt 0.831298 0.872659
vt 0.830034 0.859698
vt 0.835968 0.873637
vt 0.835016 0.874268
vt 0.843567 0.875689
vt 0.845837 0.878437
vt 0.853345 0.875638
vt 0.853234 0.878833
vt 0.863012 0.880463
vt 0.864899 0.876896
vt 0.875739 0.887729
vt 0.878889 0.884514
vt 0.905405 0.901526
vt 0.901193 0.904364
vt 0.916355 0.915469
vt 0.919450 0.913011
vt 0.926043 0.918552
vt 0.923406 0.920202
vt 0.913426 0.916496
vt 0.923260 0.921992
vt 0.926757 0.922006
vt 0.927215 0.918677
vt 0.919561 0.913178
vt 0.903337 0.902536
vt 0.900297 0.904237
vt 0.874441 0.888494
vt 0.877279 0.885558
vt 0.862172 0.881681
vt 0.863490 0.878754
vt 0.853455 0.880429
vt 0.853455 0.877487
vt 0.844538 0.880462
vt 0.843476 0.877143
vt 0.838861 0.880872
vt 0.837397 0.877182
vt 0.831373 0.881508
vt 0.823663 0.886013
vt 0.829119 0.888212
vt 0.822929 0.896069
vt 0.817162 0.894990
vt 0.813151 0.893599
vt 0.820916 0.882453
vt 0.816080 0.893412
vt 0.823442 0.880635
vt 0.828661 0.881034
vt 0.821299 0.894230
vt 0.832873 0.884501
vt 0.832158 0.878105
vt 0.842706 0.882852
vt 0.837176 0.877688
vt 0.853143 0.882388
vt 0.860999 0.883658
vt 0.872407 0.890068
vt 0.898063 0.905416
vt 0.916521 0.914879
vt 0.925036 0.920780
vt 0.816281 0.905154
vt 0.809855 0.905748
vt 0.805185 0.903929
vt 0.807364 0.913173
vt 0.813790 0.911739
vt 0.817379 0.917864
vt 0.810036 0.920493
vt 0.808003 0.919546
vt 0.803756 0.911732
vt 0.808773 0.903330
vt 0.813790 0.903754
vt 0.806282 0.910755
vt 0.811098 0.911204
vt 0.814430 0.917691
vt 0.823182 0.926652
vt 0.825673 0.927212
vt 0.838012 0.940618
vt 0.836639 0.940098
vt 0.839422 0.943382
vt 0.837957 0.945577
vt 0.820051 0.929807
vt 0.834002 0.941328
vt 0.818677 0.929287
vt 0.820343 0.927908
vt 0.810731 0.917703
vt 0.854505 0.726513
vt 0.829415 0.775933
vt 0.831760 0.777443
vt 0.862022 0.732012
vt 0.873098 0.719428
vt 0.870718 0.713151
vt 0.865705 0.728854
vt 0.864114 0.734040
vt 0.860802 0.739261
vt 0.856132 0.742486
vt 0.858327 0.737644
vt 0.853605 0.746405
vt 0.856610 0.742879
vt 0.854742 0.740922
vt 0.851703 0.754811
vt 0.851134 0.757132
vt 0.850183 0.769110
vt 0.852784 0.771099
vt 0.844984 0.766550
vt 0.849176 0.752846
vt 0.847546 0.739659
vt 0.843756 0.751632
vt 0.843279 0.740732
vt 0.838226 0.751512
vt 0.841190 0.742643
vt 0.836284 0.752893
vt 0.842509 0.757368
vt 0.845035 0.745884
vt 0.840954 0.769843
vt 0.834728 0.766629
vt 0.844929 0.783698
vt 0.852125 0.782859
vt 0.855733 0.781359
vt 0.855441 0.780316
vt 0.859452 0.788431
vt 0.858627 0.789013
vt 0.866794 0.799671
vt 0.855477 0.790126
vt 0.862527 0.800323
vt 0.844013 0.796661
vt 0.845130 0.790398
vt 0.840279 0.790645
vt 0.837642 0.797339
vt 0.842237 0.802497
vt 0.834547 0.803999
vt 0.834547 0.807362
vt 0.841321 0.806213
vt 0.841522 0.809550
vt 0.834089 0.810691
vt 0.839710 0.821126
vt 0.844562 0.820037
vt 0.845533 0.830694
vt 0.849121 0.830515
vt 0.849232 0.833204
vt 0.849287 0.830766
vt 0.853132 0.830225
vt 0.849287 0.819839
vt 0.844526 0.808546
vt 0.840938 0.809986
vt 0.844581 0.820818
vt 0.841854 0.806690
vt 0.845442 0.805250
vt 0.852950 0.802871
vt 0.842110 0.803806
vt 0.847183 0.797169
vt 0.845718 0.790958
vt 0.855919 0.801723
vt 0.854288 0.789377
vt 0.842623 0.782909
vt 0.850278 0.781262
vt 0.838044 0.769549
vt 0.840681 0.783450
vt 0.841230 0.761015
vt 0.861797 0.800028
vt 0.865843 0.799041
vt 0.870915 0.806273
vt 0.867272 0.807209
vt 0.861394 0.808484
vt 0.854636 0.803113
vt 0.859910 0.809058
vt 0.867071 0.814800
vt 0.865843 0.815012
vt 0.867252 0.814835
vt 0.861118 0.808486
vt 0.873331 0.814375
vt 0.868259 0.807143
vt 0.877342 0.813665
vt 0.872068 0.806458
vt 0.876189 0.813480
vt 0.871887 0.813988
vt 0.879596 0.834700
vt 0.882012 0.834396
vt 0.880658 0.847686
vt 0.874579 0.848566
vt 0.872143 0.835061
vt 0.869396 0.835703
vt 0.870311 0.849218
vt 0.874760 0.849021
vt 0.872325 0.835516
vt 0.881298 0.847754
vt 0.878862 0.834669
vt 0.884246 0.847507
vt 0.887799 0.856010
vt 0.884412 0.856584
vt 0.889540 0.863059
vt 0.883662 0.864754
vt 0.879651 0.857480
vt 0.881574 0.866245
vt 0.875439 0.859056
vt 0.878716 0.858734
vt 0.886169 0.856693
vt 0.889722 0.863935
vt 0.892213 0.862393
vt 0.903696 0.873030
vt 0.905654 0.871433
vt 0.915633 0.877240
vt 0.913545 0.877890
vt 0.931123 0.884068
vt 0.933010 0.885965
vt 0.915341 0.878719
vt 0.928652 0.889752
vt 0.910782 0.882110
vt 0.925044 0.889991
vt 0.908694 0.883181
vt 0.924934 0.887302
vt 0.909242 0.881340
vt 0.898146 0.876332
vt 0.896334 0.877401
vt 0.884045 0.866445
vt 0.902705 0.873361
vt 0.927973 0.884341
vt 0.945441 0.888670
vt 0.946614 0.890896
vt 0.954193 0.891748
vt 0.955567 0.893948
vt 0.953388 0.896052
vt 0.964062 0.897387
vt 0.961681 0.898255
vt 0.963805 0.896909
vt 0.962084 0.898205
vt 0.949633 0.895980
vt 0.940223 0.894156
vt 0.943775 0.893412
vt 0.939050 0.891930
vt 0.948260 0.894620
vt 0.942090 0.888968
vt 0.950640 0.892071
vt 0.957726 0.896948
vt 0.959447 0.895652
vt 0.898880 0.875943
vt 0.833801 0.508039
vt 0.823288 0.529494
vt 0.814481 0.530956
vt 0.823126 0.510066
vt 0.799500 0.564015
vt 0.804956 0.562851
vt 0.873430 0.428672
vt 0.870335 0.450043
vt 0.858212 0.450686
vt 0.860044 0.430644
vt 0.842331 0.206495
vt 0.843448 0.182579
vt 0.627249 0.394797
vt 0.503269 0.495436
vt 0.509312 0.501137
vt 0.498966 0.499727
vt 0.503178 0.504455
vt 0.517918 0.504323
vt 0.512956 0.509867
vt 0.501603 0.510686
vt 0.510978 0.518250
vt 0.511874 0.520898
vt 0.517038 0.508604
vt 0.512715 0.508332
vt 0.520480 0.503070
vt 0.505775 0.512172
vt 0.504256 0.502935
vt 0.499349 0.512345
vt 0.498745 0.519146
vt 0.504567 0.520309
vt 0.495705 0.525050
vt 0.502846 0.527909
vt 0.484040 0.531610
vt 0.489204 0.534026
vt 0.460710 0.542628
vt 0.460015 0.544998
vt 0.433571 0.553071
vt 0.438221 0.555791
vt 0.464097 0.544996
vt 0.438845 0.560278
vt 0.466845 0.548977
vt 0.436374 0.559658
vt 0.463256 0.547895
vt 0.433334 0.556315
vt 0.483859 0.534096
vt 0.489279 0.537412
vt 0.495524 0.525855
vt 0.501255 0.529312
vt 0.497995 0.517650
vt 0.502317 0.519183
vt 0.498397 0.511715
vt 0.495358 0.506691
vt 0.497647 0.506016
vt 0.492263 0.505367
vt 0.494351 0.504716
vt 0.486128 0.505322
vt 0.487100 0.504211
vt 0.477412 0.507432
vt 0.476864 0.505911
vt 0.466975 0.514621
vt 0.467086 0.513947
vt 0.456850 0.525314
vt 0.456301 0.525053
vt 0.457619 0.523808
vt 0.456100 0.525078
vt 0.453865 0.526678
vt 0.449104 0.525052
vt 0.451339 0.523032
vt 0.445094 0.522400
vt 0.446815 0.520683
vt 0.448793 0.520286
vt 0.454524 0.518700
vt 0.447877 0.519380
vt 0.459633 0.510946
vt 0.462984 0.511488
vt 0.471223 0.500159
vt 0.473366 0.500434
vt 0.489259 0.496284
vt 0.487044 0.496562
vt 0.489204 0.499562
vt 0.486878 0.503456
vt 0.493214 0.504316
vt 0.498232 0.505160
vt 0.476185 0.504702
vt 0.474408 0.501291
vt 0.462305 0.512802
vt 0.451722 0.520940
vt 0.443463 0.519300
vt 0.445038 0.520215
vt 0.442401 0.520184
vt 0.441340 0.521067
vt 0.431798 0.517455
vt 0.421910 0.516078
vt 0.426726 0.518628
vt 0.441284 0.522665
vt 0.440826 0.523052
vt 0.443720 0.524822
vt 0.441833 0.522505
vt 0.424381 0.517959
vt 0.422312 0.518128
vt 0.406270 0.513405
vt 0.405464 0.513506
vt 0.401655 0.510829
vt 0.400593 0.510872
vt 0.401051 0.510065
vt 0.401856 0.509963
vt 0.402113 0.509602
vt 0.406672 0.510413
vt 0.405208 0.509666
vt 0.426102 0.515822
vt 0.425352 0.514326
vt 0.444012 0.519981
vt 0.446649 0.524635
vt 0.451923 0.525958
vt 0.451832 0.528672
vt 0.450770 0.527454
vt 0.447474 0.526995
vt 0.445698 0.527367
vt 0.444415 0.531698
vt 0.441833 0.530070
vt 0.443408 0.524680
vt 0.441521 0.528247
vt 0.443846 0.528556
vt 0.445824 0.530260
vt 0.442417 0.532996
vt 0.439579 0.531730
vt 0.436997 0.532203
vt 0.437254 0.533522
vt 0.432730 0.537058
vt 0.432675 0.534873
vt 0.428664 0.539786
vt 0.429213 0.537525
vt 0.428352 0.540905
vt 0.428297 0.539560
vt 0.432454 0.537900
vt 0.430018 0.539945
vt 0.431135 0.541247
vt 0.433113 0.540430
vt 0.438095 0.536927
vt 0.436318 0.534777
vt 0.441612 0.533938
vt 0.435770 0.538299
vt 0.431246 0.541414
vt 0.429872 0.541735
vt 0.423430 0.515648
vt 0.413284 0.513792
vt 0.404860 0.511481
vt 0.417240 0.515520
vt 0.422312 0.517708
vt 0.487960 0.500831
vt 0.457619 0.522547
vt 0.509458 0.525825
vt 0.505649 0.531133
vt 0.492409 0.538460
vt 0.414252 0.557075
vt 0.417382 0.561066
vt 0.358785 0.566705
vt 0.358749 0.570344
vt 0.413557 0.561126
vt 0.415937 0.564461
vt 0.360672 0.573646
vt 0.417346 0.564704
vt 0.361879 0.574334
vt 0.336939 0.578411
vt 0.341352 0.577229
vt 0.347542 0.574836
vt 0.331262 0.579240
vt 0.328479 0.576796
vt 0.352615 0.571560
vt 0.340034 0.573011
vt 0.328515 0.572317
vt 0.328570 0.573662
vt 0.318425 0.575168
vt 0.315129 0.575970
vt 0.315954 0.580012
vt 0.297898 0.587310
vt 0.318535 0.582481
vt 0.301139 0.589786
vt 0.289016 0.594632
vt 0.285976 0.592130
vt 0.286726 0.589424
vt 0.297933 0.583671
vt 0.288191 0.590591
vt 0.295699 0.586111
vt 0.298794 0.584494
vt 0.302749 0.582859
vt 0.301979 0.586887
vt 0.319633 0.580060
vt 0.321062 0.583605
vt 0.303408 0.589592
vt 0.317308 0.585215
vt 0.303665 0.590491
vt 0.291341 0.594941
vt 0.277039 0.598529
vt 0.284437 0.595142
vt 0.277386 0.596713
vt 0.240157 0.605804
vt 0.237630 0.605521
vt 0.275574 0.598202
vt 0.235708 0.602639
vt 0.273450 0.595766
vt 0.236861 0.598201
vt 0.273541 0.592631
vt 0.284437 0.592200
vt 0.276068 0.594596
vt 0.277331 0.595368
vt 0.290113 0.591791
vt 0.290626 0.593589
vt 0.295040 0.592408
vt 0.259074 0.600590
vt 0.240102 0.604880
vt 0.241712 0.601736
vt 0.217174 0.608283
vt 0.212560 0.609910
vt 0.212962 0.609019
vt 0.213712 0.606312
vt 0.210325 0.609828
vt 0.206571 0.612279
vt 0.202450 0.611561
vt 0.202359 0.614275
vt 0.203934 0.613508
vt 0.210894 0.609609
vt 0.207653 0.607552
vt 0.200034 0.613966
vt 0.197654 0.612312
vt 0.181007 0.622795
vt 0.190694 0.620415
vt 0.202158 0.613880
vt 0.184907 0.624439
vt 0.181208 0.622350
vt 0.178773 0.623975
vt 0.168059 0.629904
vt 0.181500 0.619190
vt 0.190035 0.615364
vt 0.195767 0.608734
vt 0.196426 0.608742
vt 0.207945 0.602711
vt 0.169066 0.627676
vt 0.156173 0.634868
vt 0.159560 0.636816
vt 0.173112 0.629631
vt 0.186865 0.622001
vt 0.187232 0.624748
vt 0.173021 0.632766
vt 0.170897 0.631591
vt 0.154965 0.637542
vt 0.134106 0.646239
vt 0.135827 0.647465
vt 0.157345 0.638775
vt 0.159469 0.639530
vt 0.138902 0.645488
vt 0.138610 0.648648
vt 0.131595 0.648261
vt 0.135717 0.641834
vt 0.127751 0.646280
vt 0.123831 0.651842
vt 0.125204 0.654042
vt 0.132567 0.651353
vt 0.120755 0.653819
vt 0.128520 0.650658
vt 0.117716 0.652998
vt 0.126341 0.649400
vt 0.118869 0.649400
vt 0.107460 0.653917
vt 0.106856 0.655674
vt 0.099952 0.657556
vt 0.101215 0.655807
vt 0.094623 0.658671
vt 0.093707 0.656924
vt 0.078690 0.659579
vt 0.079496 0.658217
vt 0.069094 0.658825
vt 0.067629 0.660179
vt 0.080009 0.661696
vt 0.068948 0.662717
vt 0.053016 0.664045
vt 0.051697 0.661928
vt 0.035106 0.665770
vt 0.036424 0.667467
vt 0.025620 0.671067
vt 0.024502 0.669765
vt 0.025106 0.668849
vt 0.035710 0.664433
vt 0.037833 0.665608
vt 0.026571 0.669176
vt 0.001923 0.679338
vt 0.002380 0.680632
vt 0.000403 0.680609
vt 0.000000 0.679819
vt 0.000659 0.680247
vt 0.027743 0.671822
vt 0.038548 0.667801
vt 0.055341 0.664354
vt 0.054827 0.661715
vt 0.071932 0.663454
vt 0.071419 0.660395
vt 0.083854 0.662416
vt 0.082480 0.659375
vt 0.098412 0.660988
vt 0.097497 0.657140
vt 0.105005 0.661906
vt 0.106067 0.658501
vt 0.108100 0.656507
vt 0.104401 0.654837
vt 0.114747 0.654146
vt 0.110847 0.652922
vt 0.052502 0.660145
vt 0.116926 0.656245
vt 0.114033 0.657837
vt 0.119619 0.657201
vt 0.116011 0.660802
vt 0.114858 0.661458
vt 0.117953 0.658580
vt 0.109896 0.661538
vt 0.114566 0.657053
vt 0.107717 0.658598
vt 0.101270 0.660093
vt 0.103651 0.664689
vt 0.101361 0.663263
vt 0.105573 0.669672
vt 0.104602 0.669102
vt 0.106781 0.676245
vt 0.107788 0.667712
vt 0.108593 0.675596
vt 0.112951 0.674752
vt 0.112805 0.667716
vt 0.112000 0.661933
vt 0.110938 0.659454
vt 0.114380 0.667790
vt 0.115185 0.674833
vt 0.115332 0.680608
vt 0.114581 0.682474
vt 0.113776 0.676271
vt 0.110883 0.682907
vt 0.109876 0.676729
vt 0.109529 0.669718
vt 0.112971 0.668807
vt 0.107129 0.682415
vt 0.109051 0.687397
vt 0.102660 0.687715
vt 0.092716 0.691298
vt 0.094694 0.692582
vt 0.081252 0.693630
vt 0.083230 0.695334
vt 0.072224 0.698119
vt 0.070247 0.696835
vt 0.056604 0.701271
vt 0.063745 0.699087
vt 0.058471 0.700286
vt 0.060650 0.701124
vt 0.056091 0.701154
vt 0.059588 0.701588
vt 0.065521 0.700817
vt 0.061878 0.700912
vt 0.066694 0.700100
vt 0.073945 0.698504
vt 0.074092 0.698816
vt 0.084493 0.696527
vt 0.085299 0.696426
vt 0.095957 0.694195
vt 0.096103 0.693666
vt 0.106560 0.691040
vt 0.112549 0.687411
vt 0.106248 0.690478
vt 0.105332 0.689151
vt 0.111522 0.684655
vt 0.112438 0.685982
vt 0.111779 0.680931
vt 0.108080 0.683045
vt 0.103410 0.687950
vt 0.095846 0.692767
vt 0.084181 0.695544
vt 0.093265 0.691138
vt 0.082460 0.693898
vt 0.071656 0.696238
vt 0.073835 0.697917
vt 0.065064 0.699943
vt 0.097607 0.661510
vt 0.209666 0.603937
vt 0.229956 0.600923
vt 0.238124 0.599393
vt 0.259074 0.596387
vt 0.327911 0.580799
vt 0.333130 0.579936
vt 0.331665 0.579610
vt 0.332561 0.576374
vt 0.361714 0.570301
vt 0.315989 0.576373

usemtl Mat_1
f 1/377 2/381 3/380
f 3/380 4/379 1/377
f 1/377 4/379 179/378
f 179/378 178/376 1/377
f 175/375 1/377 178/376
f 178/376 176/374 175/375
f 175/375 176/374 174/373
f 174/373 172/386 175/375
f 175/375 172/386 171/369
f 171/369 207/385 175/375
f 175/375 207/385 206/382
f 206/382 207/385 15/370
f 15/370 14/384 206/382
f 193/383 206/382 14/384
f 14/384 20/476 193/383
f 193/383 20/476 19/474
f 19/474 192/475 193/383
f 2/381 193/383 192/475
f 183/470 192/475 19/474
f 19/474 182/473 183/470
f 183/470 182/473 205/472
f 205/472 184/471 183/470
f 183/470 184/471 185/469
f 185/469 186/468 183/470
f 183/470 186/468 3/380
f 186/468 185/469 190/466
f 190/466 191/467 186/468
f 186/468 191/467 4/379
f 4/379 191/467 194/463
f 194/463 191/467 190/466
f 190/466 34/465 194/463
f 194/463 34/465 33/464
f 33/464 180/462 194/463
f 179/378 194/463 180/462
f 180/462 21/461 179/378
f 179/378 21/461 17/460
f 14/384 17/460 21/461
f 21/461 18/477 14/384
f 14/384 18/477 19/474
f 19/474 18/477 181/478
f 181/478 18/477 21/461
f 16/371 17/460 14/384
f 17/460 16/371 176/374
f 176/374 16/371 177/372
f 208/368 177/372 16/371
f 16/371 15/370 208/368
f 171/369 208/368 15/370
f 208/368 171/369 170/367
f 170/367 210/365 208/368
f 170/367 216/366 210/365
f 210/365 216/366 217/364
f 218/345 210/365 217/364
f 221/363 218/345 217/364
f 217/364 220/362 221/363
f 109/350 221/363 220/362
f 220/362 108/361 109/350
f 110/358 109/350 108/361
f 108/361 107/360 110/358
f 110/358 107/360 117/359
f 117/359 111/357 110/358
f 99/352 110/358 111/357
f 111/357 100/356 99/352
f 99/352 100/356 101/355
f 101/355 102/354 99/352
f 99/352 102/354 103/353
f 103/353 104/351 99/352
f 99/352 104/351 109/350
f 104/351 227/349 109/350
f 109/350 227/349 229/347
f 229/347 227/349 228/336
f 228/336 230/348 229/347
f 229/347 230/348 223/346
f 223/346 218/345 229/347
f 218/345 223/346 222/344
f 222/344 219/343 218/345
f 219/343 222/344 224/341
f 224/341 211/342 219/343
f 211/342 210/365 219/343
f 210/365 211/342 177/372
f 209/340 177/372 211/342
f 174/373 177/372 209/340
f 209/340 211/342 224/341
f 224/341 225/339 209/340
f 226/337 209/340 225/339
f 226/337 225/339 234/338
f 234/338 233/334 226/337
f 228/336 226/337 233/334
f 228/336 233/334 232/335
f 91/333 232/335 233/334
f 233/334 93/332 91/333
f 92/331 91/333 93/332
f 93/332 94/330 92/331
f 92/331 94/330 83/328
f 83/328 82/537 92/331
f 89/536 92/331 82/537
f 82/537 81/535 89/536
f 98/534 89/536 81/535
f 81/535 87/533 98/534
f 96/532 98/534 87/533
f 87/533 85/329 96/532
f 94/330 96/532 85/329
f 95/531 96/532 94/330
f 96/532 95/531 97/529
f 235/530 97/529 95/531
f 95/531 234/338 235/530
f 224/341 235/530 234/338
f 234/338 95/531 93/332
f 97/529 235/530 231/527
f 231/527 90/528 97/529
f 98/534 97/529 90/528
f 91/333 90/528 231/527
f 89/536 90/528 91/333
f 223/346 231/527 235/530
f 86/540 85/329 87/533
f 87/533 88/539 86/540
f 86/540 88/539 77/321
f 77/321 76/541 86/540
f 84/327 86/540 76/541
f 76/541 75/326 84/327
f 80/325 84/327 75/326
f 75/326 74/324 80/325
f 80/325 74/324 78/323
f 78/323 79/538 80/325
f 80/325 79/538 81/535
f 81/535 79/538 88/539
f 88/539 79/538 78/323
f 78/323 74/324 67/313
f 67/313 73/322 78/323
f 77/321 78/323 73/322
f 73/322 70/319 77/321
f 77/321 70/319 69/320
f 63/315 69/320 70/319
f 70/319 71/318 63/315
f 63/315 71/318 72/317
f 72/317 64/316 63/315
f 63/315 64/316 62/230
f 62/230 61/312 63/315
f 63/315 61/312 68/314
f 67/313 68/314 61/312
f 61/312 60/311 67/313
f 59/309 60/311 61/312
f 60/311 59/309 65/310
f 65/310 66/542 60/311
f 60/311 66/542 73/322
f 73/322 66/542 71/318
f 71/318 66/542 65/310
f 1933/308 65/310 59/309
f 59/309 1932/228 1933/308
f 1616/307 1933/308 1932/228
f 1932/228 1618/306 1616/307
f 1617/305 1616/307 1618/306
f 1618/306 1600/221 1617/305
f 1617/305 1600/221 1602/259
f 1591/304 1602/259 1600/221
f 1591/304 1600/221 1592/303
f 1585/302 1591/304 1592/303
f 1592/303 1586/301 1585/302
f 1581/300 1585/302 1586/301
f 1586/301 1580/299 1581/300
f 1577/298 1581/300 1580/299
f 1580/299 1576/297 1577/298
f 1570/296 1577/298 1576/297
f 1576/297 1571/295 1570/296
f 1563/294 1570/296 1571/295
f 1571/295 1562/293 1563/294
f 1555/292 1563/294 1562/293
f 1562/293 1556/291 1555/292
f 1548/290 1555/292 1556/291
f 1556/291 1550/289 1548/290
f 1543/288 1548/290 1550/289
f 1550/289 1547/287 1543/288
f 1536/284 1543/288 1547/287
f 1547/287 1541/286 1536/284
f 1541/286 1530/194 1536/284
f 1536/284 1530/194 1529/285
f 1536/284 1529/285 1535/283
f 1537/280 1536/284 1535/283
f 1535/283 1534/282 1537/280
f 1537/280 1534/282 1533/281
f 1533/281 1538/279 1537/280
f 1542/278 1537/280 1538/279
f 1538/279 1544/277 1542/278
f 1549/276 1542/278 1544/277
f 1544/277 1553/275 1549/276
f 1554/274 1549/276 1553/275
f 1553/275 1559/273 1554/274
f 1564/272 1554/274 1559/273
f 1559/273 1565/271 1564/272
f 1569/270 1564/272 1565/271
f 1565/271 1568/269 1569/270
f 1573/268 1569/270 1568/269
f 1568/269 1572/267 1573/268
f 1582/266 1573/268 1572/267
f 1572/267 1583/265 1582/266
f 1584/264 1582/266 1583/265
f 1583/265 1589/263 1584/264
f 1590/260 1584/264 1589/263
f 1589/263 1595/262 1590/260
f 1590/260 1595/262 1597/261
f 1597/261 1603/258 1590/260
f 1590/260 1603/258 1602/259
f 1602/259 1603/258 1605/256
f 1616/307 1602/259 1605/256
f 1605/256 1603/258 1606/257
f 1605/256 1606/257 1607/253
f 1607/253 1930/255 1605/256
f 1605/256 1930/255 1933/308
f 1607/253 1929/231 1930/255
f 72/317 1930/255 1929/231
f 1930/255 72/317 65/310
f 1612/254 1929/231 1607/253
f 1611/249 1612/254 1607/253
f 1607/253 1608/252 1611/249
f 1611/249 1608/252 1609/251
f 1609/251 1610/250 1611/249
f 1611/249 1610/250 1613/247
f 1613/247 1614/234 1611/249
f 1640/248 1614/234 1613/247
f 1635/244 1640/248 1613/247
f 1613/247 1928/246 1635/244
f 1635/244 1928/246 261/245
f 261/245 1636/243 1635/244
f 1633/240 1635/244 1636/243
f 1636/243 1632/242 1633/240
f 1633/240 1632/242 1631/241
f 1631/241 1634/239 1633/240
f 1637/237 1633/240 1634/239
f 1634/239 1638/238 1637/237
f 1637/237 1638/238 1639/236
f 1614/234 1637/237 1639/236
f 1639/236 1624/235 1614/234
f 1614/234 1624/235 1623/232
f 1623/232 1615/233 1614/234
f 1614/234 1615/233 1612/254
f 1929/231 1615/233 1623/232
f 1623/232 1931/229 1929/231
f 1929/231 1931/229 62/230
f 62/230 1931/229 1932/228
f 1621/226 1932/228 1931/229
f 1932/228 1621/226 1619/227
f 1620/223 1619/227 1621/226
f 1621/226 1622/225 1620/223
f 1620/223 1622/225 1626/224
f 1620/223 1626/224 1625/222
f 1620/223 1625/222 1600/221
f 1600/221 1625/222 1601/220
f 1600/221 1601/220 1599/219
f 1599/219 1601/220 1598/218
f 1599/219 1598/218 1593/217
f 1599/219 1593/217 1592/303
f 1598/218 1594/216 1593/217
f 1587/215 1593/217 1594/216
f 1594/216 1588/214 1587/215
f 1579/213 1587/215 1588/214
f 1588/214 1578/212 1579/213
f 1575/211 1579/213 1578/212
f 1578/212 1574/210 1575/211
f 1566/209 1575/211 1574/210
f 1574/210 1567/208 1566/209
f 1561/207 1566/209 1567/208
f 1567/208 1560/206 1561/207
f 1557/205 1561/207 1560/206
f 1560/206 1558/204 1557/205
f 1551/203 1557/205 1558/204
f 1558/204 1552/202 1551/203
f 1546/201 1551/203 1552/202
f 1552/202 1545/200 1546/201
f 1539/199 1546/201 1545/200
f 1545/200 1540/198 1539/199
f 1531/195 1539/199 1540/198
f 1540/198 1532/197 1531/195
f 1531/195 1532/197 1522/196
f 1522/196 1524/192 1531/195
f 1530/194 1531/195 1524/192
f 1524/192 1525/193 1530/194
f 1514/191 1525/193 1524/192
f 1524/192 1518/190 1514/191
f 1310/187 1514/191 1518/190
f 1518/190 1311/189 1310/187
f 1310/187 1311/189 1245/188
f 1245/188 1244/186 1310/187
f 1243/142 1310/187 1244/186
f 1226/185 1243/142 1244/186
f 1244/186 1227/184 1226/185
f 1219/183 1226/185 1227/184
f 1227/184 1218/182 1219/183
f 1212/181 1219/183 1218/182
f 1212/181 1218/182 1213/115
f 1211/180 1212/181 1213/115
f 1211/180 1213/115 1210/179
f 1207/174 1211/180 1210/179
f 1207/174 1210/179 1178/178
f 1207/174 1178/178 1177/177
f 1177/177 1209/176 1207/174
f 1207/174 1209/176 1208/175
f 1208/175 1206/173 1207/174
f 1205/172 1207/174 1206/173
f 1206/173 1202/171 1205/172
f 1204/170 1205/172 1202/171
f 1202/171 1203/169 1204/170
f 2016/166 1204/170 1203/169
f 2016/166 1203/169 2015/168
f 2016/166 2015/168 2245/167
f 2016/166 2245/167 2293/164
f 2016/166 2293/164 2025/165
f 2024/162 2025/165 2293/164
f 2024/162 2293/164 2251/163
f 2024/162 2251/163 2027/161
f 2024/162 2027/161 1214/160
f 2024/162 1214/160 1204/170
f 1204/170 1214/160 1211/180
f 2026/159 1214/160 2027/161
f 2026/159 1215/158 1214/160
f 1214/160 1215/158 1212/181
f 2026/159 2032/157 1215/158
f 2031/156 1215/158 2032/157
f 2031/156 2032/157 2253/155
f 2042/152 2031/156 2253/155
f 2042/152 2253/155 2265/154
f 2042/152 2265/154 2043/153
f 2042/152 2043/153 1229/150
f 2042/152 1229/150 1220/151
f 1229/150 1228/149 1220/151
f 1220/151 1228/149 1226/185
f 1229/150 1230/148 1228/149
f 1242/144 1228/149 1230/148
f 1230/148 1241/147 1242/144
f 1241/147 1257/146 1242/144
f 1242/144 1257/146 1258/145
f 1242/144 1258/145 1247/143
f 1242/144 1247/143 1243/142
f 1243/142 1247/143 1249/141
f 1243/142 1249/141 1515/140
f 1249/141 1315/139 1515/140
f 1516/138 1515/140 1315/139
f 1315/139 1517/136 1516/138
f 1526/137 1516/138 1517/136
f 1517/136 1527/135 1526/137
f 1526/137 1527/135 1535/283
f 1527/135 1517/136 1521/134
f 1521/134 1528/133 1527/135
f 1527/135 1528/133 1534/282
f 1528/133 1521/134 1520/130
f 1520/130 1523/132 1528/133
f 1528/133 1523/132 1533/281
f 1532/197 1533/281 1523/132
f 1523/132 1520/130 1519/131
f 1519/131 1522/196 1523/132
f 1522/196 1519/131 1518/190
f 1312/129 1519/131 1520/130
f 1520/130 1313/128 1312/129
f 1246/127 1312/129 1313/128
f 1313/128 1238/126 1246/127
f 1232/125 1246/127 1238/126
f 1238/126 1237/124 1232/125
f 2049/122 1232/125 1237/124
f 2049/122 1237/124 2048/123
f 2049/122 2048/123 2248/120
f 2030/121 2049/122 2248/120
f 2029/117 2030/121 2248/120
f 2029/117 2248/120 2156/119
f 2029/117 2156/119 2028/118
f 2029/117 2028/118 1217/114
f 2029/117 1217/114 1216/116
f 1216/116 1217/114 1213/115
f 2022/112 1213/115 1217/114
f 2022/112 1217/114 2023/113
f 2022/112 2023/113 2155/109
f 2021/111 2022/112 2155/109
f 2020/110 2021/111 2155/109
f 1985/107 2020/110 2155/109
f 1985/107 2155/109 2198/108
f 1985/107 2198/108 1986/106
f 1985/107 1986/106 1179/105
f 1985/107 1179/105 1178/178
f 1986/106 1987/104 1179/105
f 2054/102 1179/105 1987/104
f 2054/102 1987/104 2200/103
f 2054/102 2200/103 2284/100
f 2054/102 2284/100 2052/101
f 2054/102 2052/101 1182/800
f 2052/101 2053/802 1182/800
f 2053/802 2050/801 1182/800
f 2050/801 2051/799 1182/800
f 2060/797 1182/800 2051/799
f 2060/797 2051/799 2179/798
f 2060/797 2179/798 2171/79
f 2060/797 2171/79 2061/796
f 2060/797 2061/796 1181/790
f 2096/78 1181/790 2061/796
f 2096/78 2057/74 1181/790
f 1989/794 1181/790 2057/74
f 1989/794 2057/74 2059/795
f 1989/794 2059/795 2149/70
f 1988/791 1989/794 2149/70
f 1988/791 2149/70 2147/793
f 1988/791 2147/793 1984/792
f 1988/791 1984/792 1180/789
f 1988/791 1180/789 1181/790
f 1180/789 1179/105 1181/790
f 1181/790 1179/105 1182/800
f 1179/105 1180/789 1177/177
f 1982/817 1177/177 1180/789
f 1982/817 1180/789 1983/818
f 1982/817 1983/818 2146/815
f 2019/816 1982/817 2146/815
f 2019/816 2146/815 2153/814
f 2019/816 2153/814 2018/819
f 2019/816 2018/819 1209/176
f 2017/820 1209/176 2018/819
f 2017/820 2018/819 2153/814
f 2017/820 2153/814 2152/822
f 2017/820 2152/822 2098/821
f 2017/820 2098/821 1208/175
f 2098/821 2097/835 1208/175
f 2010/834 1208/175 2097/835
f 2010/834 2097/835 2189/824
f 2010/834 2189/824 2234/833
f 2010/834 2234/833 2009/837
f 2010/834 2009/837 1199/836
f 2008/838 1199/836 2009/837
f 2008/838 1198/839 1199/836
f 1197/874 1199/836 1198/839
f 1198/839 1194/871 1197/874
f 1196/873 1197/874 1194/871
f 1194/871 1195/872 1196/873
f 1201/875 1196/873 1195/872
f 1195/872 1200/876 1201/875
f 2013/1006 1201/875 1200/876
f 2013/1006 1200/876 2012/1007
f 2013/1006 2012/1007 2240/1004
f 2013/1006 2240/1004 2243/1005
f 2013/1006 2243/1005 2099/1008
f 2014/1009 2099/1008 2243/1005
f 2014/1009 2243/1005 2245/167
f 2244/1010 2245/167 2243/1005
f 2244/1010 2243/1005 2242/1016
f 2296/1015 2244/1010 2242/1016
f 2280/96 2296/1015 2242/1016
f 2280/96 2242/1016 2278/94
f 2278/94 2279/95 2280/96
f 2286/97 2280/96 2279/95
f 2287/98 2286/97 2279/95
f 2283/99 2287/98 2279/95
f 2283/99 2279/95 2284/100
f 2283/99 2284/100 2285/1024
f 2285/1024 2281/1023 2283/99
f 2283/99 2281/1023 2199/1022
f 2197/1021 2283/99 2199/1022
f 2199/1022 2198/108 2197/1021
f 2196/1020 2197/1021 2198/108
f 2287/98 2197/1021 2196/1020
f 2194/1019 2287/98 2196/1020
f 2196/1020 2155/109 2194/1019
f 2194/1019 2155/109 2154/1014
f 2194/1019 2154/1014 2195/1018
f 2286/97 2194/1019 2195/1018
f 2296/1015 2286/97 2195/1018
f 2296/1015 2195/1018 2154/1014
f 2246/1013 2296/1015 2154/1014
f 2246/1013 2154/1014 2156/119
f 2246/1013 2156/119 2247/1012
f 2247/1012 2244/1010 2246/1013
f 2247/1012 2294/1011 2244/1010
f 2294/1011 2247/1012 2249/1026
f 2267/1027 2294/1011 2249/1026
f 2267/1027 2249/1026 2248/120
f 2267/1027 2248/120 2268/1030
f 2267/1027 2268/1030 2269/1029
f 2269/1029 2291/1028 2267/1027
f 2269/1029 2292/1037 2291/1028
f 2291/1028 2292/1037 2293/164
f 2254/1036 2293/164 2292/1037
f 2271/1035 2254/1036 2292/1037
f 2270/1034 2254/1036 2271/1035
f 2270/1034 2271/1035 2268/1030
f 2115/1033 2270/1034 2268/1030
f 2115/1033 2268/1030 2047/1032
f 2115/1033 2047/1032 1235/1050
f 2115/1033 1235/1050 1234/1049
f 2115/1033 1234/1049 2116/1048
f 2115/1033 2116/1048 2314/1047
f 2116/1048 2312/1046 2314/1047
f 2312/1046 2250/1039 2314/1047
f 2314/1047 2250/1039 2252/1038
f 2314/1047 2252/1038 2270/1034
f 2250/1039 2251/163 2252/1038
f 2254/1036 2252/1038 2251/163
f 2250/1039 2253/155 2251/163
f 2026/159 2251/163 2253/155
f 2250/1039 2266/1040 2253/155
f 2263/1041 2253/155 2266/1040
f 2298/1043 2263/1041 2266/1040
f 2298/1043 2266/1040 2312/1046
f 2298/1043 2312/1046 2313/1045
f 2298/1043 2313/1045 2311/1044
f 2311/1044 2265/154 2298/1043
f 2264/1042 2298/1043 2265/154
f 2263/1041 2264/1042 2265/154
f 2045/1098 2265/154 2311/1044
f 2045/1098 2311/1044 2112/1097
f 2045/1098 2112/1097 1240/1094
f 2045/1098 1240/1094 1230/148
f 2045/1098 1230/148 2044/1099
f 2112/1097 2113/1096 1240/1094
f 2114/1095 1240/1094 2113/1096
f 2114/1095 2113/1096 2313/1045
f 2114/1095 1234/1049 1240/1094
f 1239/1092 1240/1094 1234/1049
f 1234/1049 1233/1052 1239/1092
f 1233/1052 1255/1093 1239/1092
f 1239/1092 1255/1093 1256/1091
f 1239/1092 1256/1091 1257/146
f 1260/1090 1257/146 1256/1091
f 1256/1091 1259/1089 1260/1090
f 1266/1088 1260/1090 1259/1089
f 1259/1089 1268/1087 1266/1088
f 1273/1086 1266/1088 1268/1087
f 1268/1087 1275/1085 1273/1086
f 1286/1074 1273/1086 1275/1085
f 1275/1085 1295/1084 1286/1074
f 1298/1081 1286/1074 1295/1084
f 1295/1084 1308/1083 1298/1081
f 1298/1081 1308/1083 1309/1082
f 1309/1082 1299/1080 1298/1081
f 1297/1076 1298/1081 1299/1080
f 1299/1080 1300/1079 1297/1076
f 1300/1079 1303/1078 1297/1076
f 1297/1076 1303/1078 1290/1077
f 1290/1077 1287/1075 1297/1076
f 1297/1076 1287/1075 1286/1074
f 1286/1074 1287/1075 1282/1073
f 1274/1071 1286/1074 1282/1073
f 1274/1071 1282/1073 1283/1072
f 1274/1071 1283/1072 1280/1070
f 1279/1069 1274/1071 1280/1070
f 1280/1070 1281/1068 1279/1069
f 1278/1065 1279/1069 1281/1068
f 1281/1068 1421/1067 1278/1065
f 1278/1065 1421/1067 1293/1066
f 1278/1065 1293/1066 1277/1064
f 1271/1063 1278/1065 1277/1064
f 1277/1064 1270/1062 1271/1063
f 1263/1060 1271/1063 1270/1062
f 1270/1062 1264/1061 1263/1060
f 1263/1060 1264/1061 1252/1053
f 1252/1053 1253/1059 1263/1060
f 1263/1060 1253/1059 1248/1058
f 1263/1060 1248/1058 1262/2004
f 1261/2001 1262/2004 1248/1058
f 1248/1058 1258/145 1261/2001
f 1272/2003 1262/2004 1261/2001
f 1261/2001 1267/2002 1272/2003
f 1279/1069 1272/2003 1267/2002
f 1267/2002 1261/2001 1260/1090
f 1262/2004 1272/2003 1271/1063
f 1250/1056 1248/1058 1253/1059
f 1250/1056 1251/1057 1248/1058
f 1249/141 1248/1058 1251/1057
f 1251/1057 1250/1056 1315/139
f 1315/139 1250/1056 1314/1055
f 1314/1055 1250/1056 1254/1054
f 1314/1055 1254/1054 1236/1051
f 1236/1051 1313/128 1314/1055
f 1521/134 1314/1055 1313/128
f 1252/1053 1236/1051 1254/1054
f 1252/1053 1233/1052 1236/1051
f 1235/1050 1236/1051 1233/1052
f 1236/1051 1235/1050 1237/124
f 2046/1031 1237/124 1235/1050
f 1254/1054 1250/1056 1252/1053
f 1252/1053 1250/1056 1253/1059
f 1252/1053 1264/1061 1265/1100
f 1265/1100 1255/1093 1252/1053
f 1255/1093 1265/1100 1259/1089
f 1269/1101 1265/1100 1264/1061
f 1265/1100 1269/1101 1268/1087
f 1264/1061 1270/1062 1269/1101
f 1276/1102 1269/1101 1270/1062
f 1269/1101 1276/1102 1275/1085
f 1271/1063 1263/1060 1262/2004
f 1270/1062 1277/1064 1276/1102
f 1276/1102 1277/1064 1294/1103
f 1276/1102 1294/1103 1296/1108
f 1276/1102 1296/1108 1295/1084
f 1306/1107 1296/1108 1294/1103
f 1294/1103 1304/1106 1306/1107
f 1306/1107 1304/1106 1305/1110
f 1305/1110 1307/1109 1306/1107
f 1308/1083 1306/1107 1307/1109
f 1307/1109 1305/1110 1643/1122
f 1643/1122 1642/1121 1307/1109
f 1309/1082 1307/1109 1642/1121
f 1642/1121 1645/1118 1309/1082
f 1645/1118 1642/1121 1641/1120
f 1641/1120 1646/1119 1645/1118
f 1645/1118 1646/1119 1647/1116
f 1647/1116 1648/1117 1645/1118
f 1645/1118 1648/1117 1299/1080
f 1649/1113 1648/1117 1647/1116
f 1647/1116 1650/1115 1649/1113
f 1649/1113 1650/1115 1651/1114
f 1651/1114 1652/1112 1649/1113
f 1649/1113 1652/1112 1301/1111
f 1301/1111 1300/1079 1649/1113
f 1305/1110 1301/1111 1652/1112
f 1643/1122 1652/1112 1651/1114
f 1651/1114 1644/1123 1643/1122
f 1643/1122 1644/1123 1641/1120
f 1641/1120 1644/1123 1662/1161
f 1662/1161 1664/1162 1641/1120
f 1663/1160 1664/1162 1662/1161
f 1662/1161 1661/1159 1663/1160
f 1669/1156 1663/1160 1661/1159
f 1661/1159 1665/1158 1669/1156
f 1669/1156 1665/1158 1668/1157
f 1668/1157 1670/1155 1669/1156
f 1671/1154 1669/1156 1670/1155
f 1670/1155 1672/1153 1671/1154
f 1680/1150 1671/1154 1672/1153
f 1672/1153 1679/1152 1680/1150
f 1680/1150 1679/1152 1682/1151
f 1682/1151 1683/1149 1680/1150
f 1681/1146 1680/1150 1683/1149
f 1683/1149 1684/1148 1681/1146
f 1681/1146 1684/1148 1713/1147
f 1713/1147 1710/1145 1681/1146
f 1701/1144 1681/1146 1710/1145
f 1710/1145 1709/1143 1701/1144
f 1699/1142 1701/1144 1709/1143
f 1709/1143 1702/1141 1699/1142
f 1695/1136 1699/1142 1702/1141
f 1702/1141 1721/1140 1695/1136
f 1695/1136 1721/1140 1718/1139
f 1718/1139 1694/1138 1695/1136
f 1695/1136 1694/1138 1693/1137
f 1693/1137 1691/1135 1695/1136
f 1696/1134 1695/1136 1691/1135
f 1691/1135 1690/1133 1696/1134
f 1677/1131 1696/1134 1690/1133
f 1690/1133 1689/1132 1677/1131
f 1689/1132 1667/1130 1677/1131
f 1676/1128 1677/1131 1667/1130
f 1667/1130 1666/1129 1676/1128
f 1676/1128 1666/1129 1659/1126
f 1659/1126 1657/1127 1676/1128
f 1674/1382 1676/1128 1657/1127
f 1657/1127 1655/1381 1674/1382
f 1674/1382 1655/1381 1654/1380
f 1654/1380 1673/1384 1674/1382
f 1678/1383 1674/1382 1673/1384
f 1673/1384 1675/1385 1678/1383
f 1698/1386 1678/1383 1675/1385
f 1675/1385 1700/1387 1698/1386
f 1699/1142 1698/1386 1700/1387
f 1696/1134 1698/1386 1699/1142
f 1701/1144 1700/1387 1675/1385
f 1677/1131 1678/1383 1698/1386
f 1675/1385 1673/1384 1669/1156
f 1669/1156 1673/1384 1654/1380
f 1653/1379 1654/1380 1655/1381
f 1655/1381 1656/1388 1653/1379
f 1653/1379 1656/1388 1647/1116
f 1663/1160 1654/1380 1653/1379
f 1656/1388 1655/1381 1657/1127
f 1657/1127 1658/1125 1656/1388
f 1656/1388 1658/1125 1650/1115
f 1676/1128 1674/1382 1678/1383
f 1658/1125 1657/1127 1659/1126
f 1659/1126 1660/1124 1658/1125
f 1658/1125 1660/1124 1651/1114
f 1660/1124 1659/1126 1661/1159
f 1661/1159 1659/1126 1666/1129
f 1665/1158 1666/1129 1667/1130
f 1678/1383 1677/1131 1676/1128
f 1667/1130 1689/1132 1690/1133
f 1690/1133 1688/1163 1667/1130
f 1668/1157 1667/1130 1688/1163
f 1806/1166 1668/1157 1688/1163
f 1688/1163 1805/1165 1806/1166
f 1808/1191 1806/1166 1805/1165
f 1805/1165 1807/1190 1808/1191
f 1814/1189 1808/1191 1807/1190
f 1807/1190 1818/1188 1814/1189
f 1820/1187 1814/1189 1818/1188
f 1818/1188 1819/1186 1820/1187
f 1826/1185 1820/1187 1819/1186
f 1819/1186 1827/1184 1826/1185
f 1829/1181 1826/1185 1827/1184
f 1827/1184 1831/1183 1829/1181
f 1829/1181 1831/1183 1875/1182
f 1875/1182 1874/1180 1829/1181
f 1830/1177 1829/1181 1874/1180
f 1874/1180 1872/1179 1830/1177
f 1830/1177 1872/1179 1873/1178
f 1873/1178 1833/1176 1830/1177
f 1824/1175 1830/1177 1833/1176
f 1833/1176 1825/1174 1824/1175
f 1822/1173 1824/1175 1825/1174
f 1825/1174 1823/1172 1822/1173
f 1813/1171 1822/1173 1823/1172
f 1823/1172 1815/1170 1813/1171
f 1812/1168 1813/1171 1815/1170
f 1815/1170 1811/1169 1812/1168
f 1801/1167 1812/1168 1811/1169
f 1811/1169 1802/1197 1801/1167
f 1670/1155 1801/1167 1802/1197
f 1802/1197 1811/1169 1810/1196
f 1810/1196 1803/1194 1802/1197
f 1679/1152 1802/1197 1803/1194
f 1803/1194 1810/1196 1809/1195
f 1809/1195 1804/1192 1803/1194
f 1682/1151 1803/1194 1804/1192
f 1804/1192 1685/1193 1682/1151
f 1804/1192 1692/1164 1685/1193
f 1686/1284 1685/1193 1692/1164
f 1692/1164 1693/1137 1686/1284
f 1687/1285 1686/1284 1693/1137
f 1686/1284 1687/1285 1684/1148
f 1685/1193 1686/1284 1683/1149
f 1692/1164 1804/1192 1805/1165
f 1804/1192 1809/1195 1807/1190
f 1817/1199 1809/1195 1810/1196
f 1810/1196 1816/1198 1817/1199
f 1821/1200 1817/1199 1816/1198
f 1816/1198 1823/1172 1821/1200
f 1828/1201 1821/1200 1823/1172
f 1821/1200 1828/1201 1827/1184
f 1817/1199 1821/1200 1819/1186
f 1809/1195 1817/1199 1818/1188
f 1816/1198 1810/1196 1811/1169
f 1812/1168 1801/1167 1806/1166
f 1811/1169 1815/1170 1816/1198
f 1813/1171 1812/1168 1808/1191
f 1823/1172 1816/1198 1815/1170
f 1822/1173 1813/1171 1814/1189
f 1823/1172 1825/1174 1828/1201
f 1832/1202 1828/1201 1825/1174
f 1828/1201 1832/1202 1831/1183
f 1831/1183 1832/1202 1876/1203
f 1873/1178 1876/1203 1832/1202
f 1876/1203 1873/1178 1887/1205
f 1887/1205 1888/1204 1876/1203
f 1875/1182 1876/1203 1888/1204
f 1888/1204 1891/1211 1875/1182
f 1891/1211 1888/1204 1880/1212
f 1880/1212 1879/1210 1891/1211
f 1890/1209 1891/1211 1879/1210
f 1879/1210 1882/1208 1890/1209
f 1889/1206 1890/1209 1882/1208
f 1882/1208 1884/1207 1889/1206
f 1887/1205 1889/1206 1884/1207
f 1884/1207 1886/1213 1887/1205
f 1887/1205 1886/1213 1880/1212
f 1880/1212 1886/1213 1885/1214
f 1885/1214 1877/1215 1880/1212
f 1904/1216 1877/1215 1885/1214
f 1885/1214 1902/1246 1904/1216
f 1900/1245 1904/1216 1902/1246
f 1902/1246 1901/1244 1900/1245
f 673/1243 1900/1245 1901/1244
f 1901/1244 671/1242 673/1243
f 672/1241 673/1243 671/1242
f 671/1242 670/1240 672/1241
f 684/1238 672/1241 670/1240
f 670/1240 682/1229 684/1238
f 684/1238 682/1229 683/1239
f 683/1239 685/1237 684/1238
f 689/1236 684/1238 685/1237
f 685/1237 688/1235 689/1236
f 677/1234 689/1236 688/1235
f 688/1235 678/1233 677/1234
f 676/1232 677/1234 678/1233
f 678/1233 679/1231 676/1232
f 680/1228 676/1232 679/1231
f 679/1231 681/1230 680/1228
f 682/1229 680/1228 681/1230
f 668/1226 680/1228 682/1229
f 680/1228 668/1226 666/1227
f 667/1225 666/1227 668/1226
f 668/1226 669/1224 667/1225
f 1897/1223 667/1225 669/1224
f 669/1224 1898/1222 1897/1223
f 1906/1219 1897/1223 1898/1222
f 1898/1222 1903/1221 1906/1219
f 1881/1220 1906/1219 1903/1221
f 1903/1221 1883/1247 1881/1220
f 1882/1208 1881/1220 1883/1247
f 1878/1218 1881/1220 1882/1208
f 1883/1247 1903/1221 1902/1246
f 1906/1219 1881/1220 1878/1218
f 1878/1218 1905/1217 1906/1219
f 1877/1215 1905/1217 1878/1218
f 1877/1215 1878/1218 1879/1210
f 1903/1221 1898/1222 1901/1244
f 1897/1223 1906/1219 1905/1217
f 1905/1217 1899/1248 1897/1223
f 664/1250 1897/1223 1899/1248
f 1899/1248 675/1249 664/1250
f 664/1250 675/1249 674/1252
f 674/1252 665/1251 664/1250
f 664/1250 665/1251 666/1227
f 676/1232 666/1227 665/1251
f 665/1251 674/1252 689/1236
f 672/1241 674/1252 675/1249
f 675/1249 1899/1248 1900/1245
f 1899/1248 1905/1217 1904/1216
f 1898/1222 669/1224 671/1242
f 1897/1223 664/1250 667/1225
f 669/1224 668/1226 670/1240
f 666/1227 667/1225 664/1250
f 681/1230 679/1231 694/1254
f 694/1254 696/1253 681/1230
f 683/1239 681/1230 696/1253
f 696/1253 698/1262 683/1239
f 697/1261 698/1262 696/1253
f 696/1253 695/1260 697/1261
f 697/1261 695/1260 704/1270
f 704/1270 705/1269 697/1261
f 699/1264 697/1261 705/1269
f 705/1269 700/1268 699/1264
f 699/1264 700/1268 701/1267
f 701/1267 691/1266 699/1264
f 699/1264 691/1266 687/1265
f 687/1265 686/1263 699/1264
f 699/1264 686/1263 698/1262
f 698/1262 686/1263 685/1237
f 685/1237 686/1263 687/1265
f 690/1255 687/1265 691/1266
f 691/1266 692/1257 690/1255
f 690/1255 692/1257 693/1256
f 693/1256 694/1254 690/1255
f 694/1254 693/1256 695/1260
f 695/1260 693/1256 703/1259
f 702/1258 703/1259 693/1256
f 703/1259 702/1258 653/1273
f 653/1273 652/1272 703/1259
f 703/1259 652/1272 661/1271
f 661/1271 704/1270 703/1259
f 661/1271 652/1272 651/1274
f 651/1274 662/1275 661/1271
f 661/1271 662/1275 659/1282
f 659/1282 660/1283 661/1271
f 661/1271 660/1283 705/1269
f 705/1269 660/1283 658/1281
f 658/1281 660/1283 659/1282
f 659/1282 655/1280 658/1281
f 657/1279 658/1281 655/1280
f 655/1280 656/1278 657/1279
f 653/1273 657/1279 656/1278
f 656/1278 654/1277 653/1273
f 653/1273 654/1277 651/1274
f 651/1274 654/1277 663/1276
f 663/1276 654/1277 656/1278
f 701/1267 657/1279 653/1273
f 655/1280 663/1276 656/1278
f 658/1281 657/1279 701/1267
f 659/1282 663/1276 655/1280
f 659/1282 662/1275 663/1276
f 651/1274 663/1276 662/1275
f 651/1274 652/1272 653/1273
f 653/1273 702/1258 701/1267
f 701/1267 702/1258 692/1257
f 693/1256 692/1257 702/1258
f 688/1235 687/1265 690/1255
f 692/1257 691/1266 701/1267
f 701/1267 700/1268 658/1281
f 658/1281 700/1268 705/1269
f 705/1269 704/1270 661/1271
f 703/1259 704/1270 695/1260
f 698/1262 697/1261 699/1264
f 695/1260 696/1253 694/1254
f 690/1255 694/1254 679/1231
f 666/1227 676/1232 680/1228
f 679/1231 678/1233 690/1255
f 665/1251 677/1234 676/1232
f 690/1255 678/1233 688/1235
f 689/1236 677/1234 665/1251
f 687/1265 688/1235 685/1237
f 684/1238 689/1236 674/1252
f 685/1237 683/1239 698/1262
f 681/1230 683/1239 682/1229
f 682/1229 670/1240 668/1226
f 674/1252 672/1241 684/1238
f 670/1240 671/1242 669/1224
f 675/1249 673/1243 672/1241
f 671/1242 1901/1244 1898/1222
f 1900/1245 673/1243 675/1249
f 1901/1244 1902/1246 1903/1221
f 1904/1216 1900/1245 1899/1248
f 1902/1246 1885/1214 1883/1247
f 1884/1207 1883/1247 1885/1214
f 1877/1215 1904/1216 1905/1217
f 1885/1214 1886/1213 1884/1207
f 1883/1247 1884/1207 1882/1208
f 1874/1180 1890/1209 1889/1206
f 1882/1208 1879/1210 1878/1218
f 1891/1211 1890/1209 1874/1180
f 1879/1210 1880/1212 1877/1215
f 1880/1212 1888/1204 1887/1205
f 1889/1206 1887/1205 1873/1178
f 1824/1175 1822/1173 1820/1187
f 1825/1174 1833/1176 1832/1202
f 1830/1177 1824/1175 1826/1185
f 1832/1202 1833/1176 1873/1178
f 1873/1178 1872/1179 1889/1206
f 1889/1206 1872/1179 1874/1180
f 1874/1180 1875/1182 1891/1211
f 1876/1203 1875/1182 1831/1183
f 1831/1183 1827/1184 1828/1201
f 1826/1185 1829/1181 1830/1177
f 1827/1184 1819/1186 1821/1200
f 1820/1187 1826/1185 1824/1175
f 1819/1186 1818/1188 1817/1199
f 1814/1189 1820/1187 1822/1173
f 1818/1188 1807/1190 1809/1195
f 1808/1191 1814/1189 1813/1171
f 1807/1190 1805/1165 1804/1192
f 1806/1166 1808/1191 1812/1168
f 1805/1165 1688/1163 1692/1164
f 1691/1135 1692/1164 1688/1163
f 1668/1157 1806/1166 1801/1167
f 1698/1386 1696/1134 1677/1131
f 1688/1163 1690/1133 1691/1135
f 1693/1137 1692/1164 1691/1135
f 1693/1137 1694/1138 1687/1285
f 1718/1139 1687/1285 1694/1138
f 1687/1285 1718/1139 1713/1147
f 1713/1147 1718/1139 1716/1286
f 1716/1286 1714/1298 1713/1147
f 1713/1147 1714/1298 1711/1296
f 1711/1296 1714/1298 1715/1297
f 1715/1297 1712/1295 1711/1296
f 1707/1294 1711/1296 1712/1295
f 1712/1295 1708/1293 1707/1294
f 1703/1292 1707/1294 1708/1293
f 1708/1293 1705/1291 1703/1292
f 1704/1290 1703/1292 1705/1291
f 1705/1291 1706/1289 1704/1290
f 1719/1287 1704/1290 1706/1289
f 1706/1289 1720/1288 1719/1287
f 1716/1286 1719/1287 1720/1288
f 1720/1288 1717/1299 1716/1286
f 1728/1300 1717/1299 1720/1288
f 1720/1288 1724/1304 1728/1300
f 1728/1300 1724/1304 1727/1303
f 1727/1303 1729/1302 1728/1300
f 1730/1301 1728/1300 1729/1302
f 1729/1302 1731/1326 1730/1301
f 1732/1325 1730/1301 1731/1326
f 1731/1326 1733/1324 1732/1325
f 1734/1321 1732/1325 1733/1324
f 1733/1324 1735/1323 1734/1321
f 1734/1321 1735/1323 1744/1322
f 1744/1322 1743/1320 1734/1321
f 1734/1321 1743/1320 1736/1318
f 1736/1318 1743/1320 1742/1319
f 1742/1319 1737/1317 1736/1318
f 1708/1293 1736/1318 1737/1317
f 1737/1317 1738/1315 1708/1293
f 1738/1315 1737/1317 1750/1316
f 1750/1316 1748/1314 1738/1315
f 1739/1313 1738/1315 1748/1314
f 1748/1314 1745/1312 1739/1313
f 1740/1309 1739/1313 1745/1312
f 1745/1312 1747/1311 1740/1309
f 1740/1309 1747/1311 1756/1310
f 1756/1310 1741/1308 1740/1309
f 1706/1289 1740/1309 1741/1308
f 1741/1308 1722/1306 1706/1289
f 1741/1308 1725/1307 1722/1306
f 1723/1305 1722/1306 1725/1307
f 1723/1305 1725/1307 1742/1319
f 1742/1319 1725/1307 1754/1337
f 1754/1337 1752/1340 1742/1319
f 1753/1339 1752/1340 1754/1337
f 1754/1337 1755/1338 1753/1339
f 1753/1339 1755/1338 1759/1345
f 1759/1345 1760/1344 1753/1339
f 1751/1341 1753/1339 1760/1344
f 1760/1344 1761/1343 1751/1341
f 1749/1342 1751/1341 1761/1343
f 1761/1343 1762/1355 1749/1342
f 1746/1357 1749/1342 1762/1355
f 1762/1355 1758/1356 1746/1357
f 1757/1359 1746/1357 1758/1356
f 1755/1338 1757/1359 1758/1356
f 1756/1310 1757/1359 1755/1338
f 1747/1311 1746/1357 1757/1359
f 1766/1353 1758/1356 1762/1355
f 1762/1355 1767/1354 1766/1353
f 1766/1353 1767/1354 1771/1352
f 1765/1351 1766/1353 1771/1352
f 1771/1352 1772/1350 1765/1351
f 1763/1346 1765/1351 1772/1350
f 1772/1350 1769/1349 1763/1346
f 1763/1346 1769/1349 1768/1348
f 1768/1348 1764/1347 1763/1346
f 1760/1344 1763/1346 1764/1347
f 1761/1343 1764/1347 1768/1348
f 1768/1348 1769/1349 1770/1358
f 1768/1348 1770/1358 1771/1352
f 1771/1352 1770/1358 1769/1349
f 1759/1345 1765/1351 1763/1346
f 1765/1351 1759/1345 1758/1356
f 1769/1349 1772/1350 1771/1352
f 1771/1352 1767/1354 1768/1348
f 1762/1355 1768/1348 1767/1354
f 1758/1356 1766/1353 1765/1351
f 1748/1314 1749/1342 1746/1357
f 1768/1348 1762/1355 1761/1343
f 1750/1316 1751/1341 1749/1342
f 1751/1341 1750/1316 1752/1340
f 1764/1347 1761/1343 1760/1344
f 1763/1346 1760/1344 1759/1345
f 1758/1356 1759/1345 1755/1338
f 1755/1338 1754/1337 1756/1310
f 1752/1340 1753/1339 1751/1341
f 1756/1310 1754/1337 1725/1307
f 1720/1288 1722/1306 1723/1305
f 1725/1307 1741/1308 1756/1310
f 1757/1359 1756/1310 1747/1311
f 1745/1312 1746/1357 1747/1311
f 1739/1313 1740/1309 1706/1289
f 1746/1357 1745/1312 1748/1314
f 1738/1315 1739/1313 1705/1291
f 1749/1342 1748/1314 1750/1316
f 1752/1340 1750/1316 1737/1317
f 1736/1318 1708/1293 1732/1325
f 1737/1317 1742/1319 1752/1340
f 1742/1319 1743/1320 1723/1305
f 1726/1336 1723/1305 1743/1320
f 1724/1304 1723/1305 1726/1336
f 1743/1320 1744/1322 1726/1336
f 1777/1332 1726/1336 1744/1322
f 1744/1322 1776/1335 1777/1332
f 1777/1332 1776/1335 1780/1334
f 1780/1334 1781/1333 1777/1332
f 1777/1332 1781/1333 1785/1330
f 1785/1330 1779/1331 1777/1332
f 1777/1332 1779/1331 1727/1303
f 1778/1327 1779/1331 1785/1330
f 1785/1330 1784/1329 1778/1327
f 1773/1328 1778/1327 1784/1329
f 1784/1329 1783/1363 1773/1328
f 1773/1328 1783/1363 1782/1362
f 1782/1362 1774/1361 1773/1328
f 1773/1328 1774/1361 1733/1324
f 1733/1324 1774/1361 1775/1360
f 1775/1360 1774/1361 1776/1335
f 1735/1323 1775/1360 1776/1335
f 1776/1335 1774/1361 1782/1362
f 1782/1362 1783/1363 1790/1375
f 1790/1375 1789/1373 1782/1362
f 1780/1334 1782/1362 1789/1373
f 1789/1373 1788/1374 1780/1334
f 1793/1369 1788/1374 1789/1373
f 1789/1373 1792/1372 1793/1369
f 1792/1372 1798/1371 1793/1369
f 1793/1369 1798/1371 1800/1370
f 1800/1370 1794/1367 1793/1369
f 1786/1368 1793/1369 1794/1367
f 1794/1367 1787/1365 1786/1368
f 1781/1333 1786/1368 1787/1365
f 1788/1374 1786/1368 1781/1333
f 1787/1365 1794/1367 1795/1366
f 1795/1366 1791/1364 1787/1365
f 1787/1365 1791/1364 1784/1329
f 1791/1364 1795/1366 1796/1376
f 1796/1376 1790/1375 1791/1364
f 1790/1375 1796/1376 1792/1372
f 1797/1377 1796/1376 1795/1366
f 1795/1366 1799/1378 1797/1377
f 1798/1371 1797/1377 1799/1378
f 1796/1376 1797/1377 1798/1371
f 1799/1378 1795/1366 1794/1367
f 1794/1367 1800/1370 1799/1378
f 1798/1371 1799/1378 1800/1370
f 1798/1371 1792/1372 1796/1376
f 1793/1369 1786/1368 1788/1374
f 1792/1372 1789/1373 1790/1375
f 1791/1364 1790/1375 1783/1363
f 1783/1363 1784/1329 1791/1364
f 1778/1327 1773/1328 1731/1326
f 1784/1329 1785/1330 1787/1365
f 1779/1331 1778/1327 1729/1302
f 1787/1365 1785/1330 1781/1333
f 1781/1333 1780/1334 1788/1374
f 1782/1362 1780/1334 1776/1335
f 1727/1303 1726/1336 1777/1332
f 1776/1335 1744/1322 1735/1323
f 1775/1360 1735/1323 1733/1324
f 1732/1325 1734/1321 1736/1318
f 1733/1324 1731/1326 1773/1328
f 1730/1301 1732/1325 1712/1295
f 1731/1326 1729/1302 1778/1327
f 1728/1300 1730/1301 1715/1297
f 1729/1302 1727/1303 1779/1331
f 1726/1336 1727/1303 1724/1304
f 1723/1305 1724/1304 1720/1288
f 1715/1297 1717/1299 1728/1300
f 1721/1140 1719/1287 1716/1286
f 1706/1289 1722/1306 1720/1288
f 1702/1141 1704/1290 1719/1287
f 1706/1289 1705/1291 1739/1313
f 1702/1141 1703/1292 1704/1290
f 1705/1291 1708/1293 1738/1315
f 1707/1294 1703/1292 1702/1141
f 1712/1295 1732/1325 1708/1293
f 1711/1296 1707/1294 1709/1143
f 1712/1295 1715/1297 1730/1301
f 1717/1299 1715/1297 1714/1298
f 1714/1298 1716/1286 1717/1299
f 1716/1286 1718/1139 1721/1140
f 1719/1287 1721/1140 1702/1141
f 1699/1142 1695/1136 1696/1134
f 1702/1141 1709/1143 1707/1294
f 1700/1387 1701/1144 1699/1142
f 1709/1143 1710/1145 1711/1296
f 1675/1385 1681/1146 1701/1144
f 1681/1146 1675/1385 1671/1154
f 1711/1296 1710/1145 1713/1147
f 1713/1147 1684/1148 1687/1285
f 1684/1148 1683/1149 1686/1284
f 1683/1149 1682/1151 1685/1193
f 1803/1194 1682/1151 1679/1152
f 1802/1197 1679/1152 1672/1153
f 1671/1154 1680/1150 1681/1146
f 1802/1197 1672/1153 1670/1155
f 1669/1156 1671/1154 1675/1385
f 1801/1167 1670/1155 1668/1157
f 1667/1130 1668/1157 1665/1158
f 1666/1129 1665/1158 1661/1159
f 1654/1380 1663/1160 1669/1156
f 1661/1159 1662/1161 1660/1124
f 1653/1379 1664/1162 1663/1160
f 1664/1162 1653/1379 1646/1119
f 1660/1124 1662/1161 1644/1123
f 1644/1123 1651/1114 1660/1124
f 1651/1114 1650/1115 1658/1125
f 1650/1115 1647/1116 1656/1388
f 1648/1117 1649/1113 1300/1079
f 1647/1116 1646/1119 1653/1379
f 1646/1119 1641/1120 1664/1162
f 1641/1120 1642/1121 1643/1122
f 1652/1112 1643/1122 1305/1110
f 1301/1111 1305/1110 1304/1106
f 1304/1106 1302/1389 1301/1111
f 1301/1111 1302/1389 1303/1078
f 1303/1078 1302/1389 1697/1105
f 1697/1105 1302/1389 1304/1106
f 1304/1106 1294/1103 1697/1105
f 1697/1105 1294/1103 1291/1104
f 1291/1104 1290/1077 1697/1105
f 1288/1390 1290/1077 1291/1104
f 1289/1393 1288/1390 1291/1104
f 1291/1104 1292/1394 1289/1393
f 1289/1393 1292/1394 1424/1395
f 1289/1393 1424/1395 1425/1396
f 1425/1396 1284/1392 1289/1393
f 1284/1392 1425/1396 1426/1418
f 1426/1418 1283/1072 1284/1392
f 1283/1072 1426/1418 1427/1419
f 1435/1417 1427/1419 1426/1418
f 1426/1418 1430/1416 1435/1417
f 1436/1415 1435/1417 1430/1416
f 1430/1416 1437/1414 1436/1415
f 1443/1411 1436/1415 1437/1414
f 1437/1414 1444/1413 1443/1411
f 1443/1411 1444/1413 1454/1412
f 1454/1412 1453/1410 1443/1411
f 1449/1409 1443/1411 1453/1410
f 1453/1410 1452/1407 1449/1409
f 1448/1408 1449/1409 1452/1407
f 1447/1404 1448/1408 1452/1407
f 1452/1407 1451/1406 1447/1404
f 1447/1404 1451/1406 1450/1405
f 1450/1405 1446/1403 1447/1404
f 1440/1402 1447/1404 1446/1403
f 1446/1403 1441/1401 1440/1402
f 1432/1400 1440/1402 1441/1401
f 1441/1401 1431/1398 1432/1400
f 1423/1399 1432/1400 1431/1398
f 1431/1398 1424/1395 1423/1399
f 1293/1066 1423/1399 1424/1395
f 1424/1395 1431/1398 1429/1397
f 1442/1420 1429/1397 1431/1398
f 1429/1397 1442/1420 1437/1414
f 1432/1400 1423/1399 1422/1998
f 1422/1998 1433/1997 1432/1400
f 1433/1997 1422/1998 1428/1995
f 1428/1995 1434/1996 1433/1997
f 1439/1999 1433/1997 1434/1996
f 1434/1996 1438/2000 1439/1999
f 1448/1408 1439/1999 1438/2000
f 1438/2000 1434/1996 1435/1417
f 1433/1997 1439/1999 1440/1402
f 1434/1996 1428/1995 1427/1419
f 1280/1070 1427/1419 1428/1995
f 1281/1068 1428/1995 1422/1998
f 1421/1067 1422/1998 1423/1399
f 1431/1398 1441/1401 1442/1420
f 1445/1421 1442/1420 1441/1401
f 1442/1420 1445/1421 1444/1413
f 1444/1413 1445/1421 1455/1422
f 1450/1405 1455/1422 1445/1421
f 1457/1423 1455/1422 1450/1405
f 1450/1405 1456/1428 1457/1423
f 1457/1423 1456/1428 1471/1427
f 1471/1427 1473/1426 1457/1423
f 1457/1423 1473/1426 1463/1425
f 1463/1425 1461/1424 1457/1423
f 1461/1424 1463/1425 1462/1433
f 1462/1433 1460/1434 1461/1424
f 1454/1412 1461/1424 1460/1434
f 1461/1424 1454/1412 1455/1422
f 1459/1432 1460/1434 1462/1433
f 1462/1433 1467/1431 1459/1432
f 1458/1429 1459/1432 1467/1431
f 1467/1431 1469/1430 1458/1429
f 1456/1428 1458/1429 1469/1430
f 1451/1406 1458/1429 1456/1428
f 1468/1490 1469/1430 1467/1431
f 1467/1431 1466/1489 1468/1490
f 1476/1488 1468/1490 1466/1489
f 1466/1489 1477/1487 1476/1488
f 1494/1469 1476/1488 1477/1487
f 1477/1487 1491/1486 1494/1469
f 1894/1485 1494/1469 1491/1486
f 1491/1486 1893/1484 1894/1485
f 756/1473 1894/1485 1893/1484
f 1893/1484 754/1483 756/1473
f 755/1480 756/1473 754/1483
f 754/1483 753/1482 755/1480
f 755/1480 753/1482 752/1481
f 752/1481 763/1479 755/1480
f 745/1474 755/1480 763/1479
f 763/1479 757/1478 745/1474
f 745/1474 757/1478 758/1477
f 758/1477 746/1476 745/1474
f 745/1474 746/1476 743/1475
f 743/1475 744/1472 745/1474
f 745/1474 744/1472 756/1473
f 1895/1470 756/1473 744/1472
f 744/1472 1896/1471 1895/1470
f 1505/1468 1895/1470 1896/1471
f 1895/1470 1505/1468 1494/1469
f 1494/1469 1505/1468 1495/1466
f 1495/1466 1505/1468 1506/1467
f 1506/1467 1497/1465 1495/1466
f 1496/1464 1495/1466 1497/1465
f 1497/1465 1498/1463 1496/1464
f 1502/1462 1496/1464 1498/1463
f 1498/1463 1500/1461 1502/1462
f 1869/1460 1502/1462 1500/1461
f 1500/1461 1868/1459 1869/1460
f 1849/1456 1869/1460 1868/1459
f 1868/1459 1851/1458 1849/1456
f 1849/1456 1851/1458 1852/1457
f 1852/1457 1850/1455 1849/1456
f 1847/1454 1849/1456 1850/1455
f 1850/1455 1848/1453 1847/1454
f 1845/1448 1847/1454 1848/1453
f 1848/1453 1846/1452 1845/1448
f 1845/1448 1846/1452 1844/1451
f 1844/1451 1843/1450 1845/1448
f 1845/1448 1843/1450 1838/1449
f 1838/1449 1870/1447 1845/1448
f 1845/1448 1870/1447 1871/1446
f 1871/1446 1870/1447 1504/1445
f 1504/1445 1503/1444 1871/1446
f 1871/1446 1503/1444 1502/1462
f 1503/1444 1504/1445 1475/1441
f 1475/1441 1474/1443 1503/1444
f 1503/1444 1474/1443 1496/1464
f 1496/1464 1474/1443 1476/1488
f 1470/1442 1474/1443 1475/1441
f 1475/1441 1472/1439 1470/1442
f 1471/1427 1470/1442 1472/1439
f 1470/1442 1471/1427 1469/1430
f 1472/1439 1475/1441 1482/1440
f 1482/1440 1481/1438 1472/1439
f 1464/1435 1472/1439 1481/1438
f 1464/1435 1481/1438 1478/1437
f 1478/1437 1465/1436 1464/1435
f 1464/1435 1465/1436 1462/1433
f 1462/1433 1465/1436 1466/1489
f 1465/1436 1478/1437 1477/1487
f 1478/1437 1479/1491 1477/1487
f 1477/1487 1479/1491 1480/1505
f 1483/1504 1477/1487 1480/1505
f 1480/1505 1484/1503 1483/1504
f 1486/1501 1483/1504 1484/1503
f 1484/1503 1485/1502 1486/1501
f 1486/1501 1485/1502 1487/1499
f 1487/1499 1488/1500 1486/1501
f 1493/1723 1486/1501 1488/1500
f 1488/1500 1508/1724 1493/1723
f 740/1727 1493/1723 1508/1724
f 1508/1724 747/1726 740/1727
f 741/1729 740/1727 747/1726
f 747/1726 748/1730 741/1729
f 741/1729 748/1730 749/1731
f 749/1731 750/1732 741/1729
f 741/1729 750/1732 751/1750
f 751/1750 742/1751 741/1729
f 741/1729 742/1751 739/1728
f 739/1728 742/1751 753/1482
f 742/1751 751/1750 752/1481
f 762/1749 752/1481 751/1750
f 751/1750 761/1748 762/1749
f 769/1745 762/1749 761/1748
f 761/1748 768/1747 769/1745
f 769/1745 768/1747 778/1746
f 778/1746 779/1744 769/1745
f 771/1743 769/1745 779/1744
f 779/1744 780/1742 771/1743
f 772/1741 771/1743 780/1742
f 780/1742 774/1740 772/1741
f 773/1736 772/1741 774/1740
f 774/1740 775/1739 773/1736
f 773/1736 775/1739 776/1738
f 776/1738 766/1737 773/1736
f 773/1736 766/1737 759/1734
f 759/1734 765/1735 773/1736
f 773/1736 765/1735 764/1847
f 757/1478 764/1847 765/1735
f 770/1846 764/1847 757/1478
f 764/1847 770/1846 771/1743
f 771/1743 770/1846 762/1749
f 762/1749 770/1846 763/1479
f 758/1477 765/1735 759/1734
f 759/1734 749/1731 758/1477
f 749/1731 759/1734 760/1733
f 767/1752 760/1733 759/1734
f 760/1733 767/1752 768/1747
f 768/1747 767/1752 777/1753
f 776/1738 777/1753 767/1752
f 777/1753 776/1738 784/1755
f 784/1755 714/1754 777/1753
f 778/1746 777/1753 714/1754
f 714/1754 713/1765 778/1746
f 713/1765 714/1754 711/1766
f 711/1766 712/1764 713/1765
f 785/1763 713/1765 712/1764
f 712/1764 794/1762 785/1763
f 781/1761 785/1763 794/1762
f 794/1762 787/1760 781/1761
f 782/1759 781/1761 787/1760
f 787/1760 724/1758 782/1759
f 783/1756 782/1759 724/1758
f 724/1758 723/1757 783/1756
f 784/1755 783/1756 723/1757
f 723/1757 837/1767 784/1755
f 707/1798 837/1767 723/1757
f 723/1757 722/1799 707/1798
f 722/1799 816/1797 707/1798
f 708/1796 707/1798 816/1797
f 816/1797 834/1795 708/1796
f 835/1794 708/1796 834/1795
f 834/1795 833/1793 835/1794
f 836/1792 835/1794 833/1793
f 833/1793 832/1791 836/1792
f 827/1790 836/1792 832/1791
f 832/1791 838/1789 827/1790
f 828/1787 827/1790 838/1789
f 838/1789 829/1788 828/1787
f 733/1786 828/1787 829/1788
f 829/1788 726/1818 733/1786
f 734/1785 733/1786 726/1818
f 726/1818 725/1819 734/1785
f 735/1784 734/1785 725/1819
f 728/1783 735/1784 725/1819
f 727/1782 728/1783 725/1819
f 729/1781 728/1783 727/1782
f 727/1782 730/1778 729/1781
f 731/1780 729/1781 730/1778
f 730/1778 732/1779 731/1780
f 731/1780 732/1779 733/1786
f 825/1776 732/1779 730/1778
f 730/1778 826/1777 825/1776
f 825/1776 826/1777 823/1774
f 823/1774 824/1775 825/1776
f 828/1787 825/1776 824/1775
f 822/1773 824/1775 823/1774
f 823/1774 819/1772 822/1773
f 821/1770 822/1773 819/1772
f 819/1772 817/1771 821/1770
f 821/1770 817/1771 709/1769
f 709/1769 706/1768 821/1770
f 835/1794 821/1770 706/1768
f 711/1766 706/1768 709/1769
f 709/1769 710/1813 711/1766
f 815/1812 710/1813 709/1769
f 716/1811 710/1813 815/1812
f 815/1812 717/1810 716/1811
f 715/1808 716/1811 717/1810
f 717/1810 718/1801 715/1808
f 715/1808 718/1801 721/1802
f 721/1802 791/1809 715/1808
f 715/1808 791/1809 792/1806
f 792/1806 793/1807 715/1808
f 715/1808 793/1807 794/1762
f 786/1805 793/1807 792/1806
f 792/1806 788/1804 786/1805
f 719/1800 786/1805 788/1804
f 788/1804 720/1803 719/1800
f 719/1800 720/1803 721/1802
f 790/1820 721/1802 720/1803
f 720/1803 789/1821 790/1820
f 790/1820 789/1821 797/1823
f 797/1823 801/1824 790/1820
f 790/1820 801/1824 802/1832
f 802/1832 803/1830 790/1820
f 790/1820 803/1830 791/1809
f 803/1830 802/1832 804/1831
f 804/1831 805/1829 803/1830
f 803/1830 805/1829 792/1806
f 792/1806 805/1829 795/1822
f 796/1828 795/1822 805/1829
f 795/1822 796/1828 797/1823
f 797/1823 796/1828 798/1827
f 798/1827 799/1826 797/1823
f 797/1823 799/1826 800/1825
f 800/1825 799/1826 808/1840
f 808/1840 809/1835 800/1825
f 800/1825 809/1835 810/1834
f 810/1834 811/1833 800/1825
f 800/1825 811/1833 802/1832
f 811/1833 810/1834 812/1843
f 812/1843 806/1844 811/1833
f 811/1833 806/1844 804/1831
f 796/1828 804/1831 806/1844
f 798/1827 806/1844 812/1843
f 812/1843 807/1842 798/1827
f 807/1842 812/1843 736/1841
f 736/1841 738/1839 807/1842
f 808/1840 807/1842 738/1839
f 736/1841 737/1838 738/1839
f 738/1839 737/1838 813/1836
f 738/1839 813/1836 809/1835
f 814/1837 813/1836 737/1838
f 813/1836 814/1837 810/1834
f 810/1834 814/1837 736/1841
f 814/1837 737/1838 736/1841
f 736/1841 812/1843 810/1834
f 810/1834 809/1835 813/1836
f 809/1835 808/1840 738/1839
f 807/1842 808/1840 799/1826
f 799/1826 798/1827 807/1842
f 806/1844 798/1827 796/1828
f 805/1829 804/1831 796/1828
f 804/1831 802/1832 811/1833
f 802/1832 801/1824 800/1825
f 800/1825 801/1824 797/1823
f 797/1823 789/1821 795/1822
f 795/1822 789/1821 720/1803
f 720/1803 788/1804 795/1822
f 786/1805 719/1800 724/1758
f 795/1822 788/1804 792/1806
f 793/1807 786/1805 787/1760
f 792/1806 791/1809 803/1830
f 791/1809 721/1802 790/1820
f 721/1802 718/1801 719/1800
f 722/1799 719/1800 718/1801
f 718/1801 717/1810 722/1799
f 715/1808 712/1764 716/1811
f 722/1799 717/1810 815/1812
f 710/1813 716/1811 712/1764
f 706/1768 711/1766 837/1767
f 815/1812 709/1769 817/1771
f 817/1771 818/1814 815/1812
f 815/1812 818/1814 833/1793
f 820/1815 818/1814 817/1771
f 818/1814 820/1815 832/1791
f 817/1771 819/1772 820/1815
f 831/1816 820/1815 819/1772
f 820/1815 831/1816 838/1789
f 822/1773 821/1770 835/1794
f 819/1772 823/1774 831/1816
f 824/1775 822/1773 836/1792
f 831/1816 823/1774 826/1777
f 826/1777 830/1817 831/1816
f 831/1816 830/1817 829/1788
f 727/1782 830/1817 826/1777
f 830/1817 727/1782 726/1818
f 732/1779 825/1776 828/1787
f 731/1780 735/1784 729/1781
f 826/1777 730/1778 727/1782
f 729/1781 735/1784 728/1783
f 731/1780 734/1785 735/1784
f 725/1819 726/1818 727/1782
f 733/1786 734/1785 731/1780
f 726/1818 829/1788 830/1817
f 828/1787 733/1786 732/1779
f 829/1788 838/1789 831/1816
f 824/1775 827/1790 828/1787
f 838/1789 832/1791 820/1815
f 836/1792 827/1790 824/1775
f 832/1791 833/1793 818/1814
f 835/1794 836/1792 822/1773
f 833/1793 834/1795 815/1812
f 706/1768 708/1796 835/1794
f 815/1812 834/1795 816/1797
f 706/1768 707/1798 708/1796
f 815/1812 816/1797 722/1799
f 719/1800 722/1799 723/1757
f 837/1767 707/1798 706/1768
f 723/1757 724/1758 719/1800
f 782/1759 783/1756 775/1739
f 786/1805 724/1758 787/1760
f 781/1761 782/1759 774/1740
f 787/1760 794/1762 793/1807
f 785/1763 781/1761 780/1742
f 794/1762 712/1764 715/1808
f 713/1765 785/1763 779/1744
f 712/1764 711/1766 710/1813
f 837/1767 711/1766 714/1754
f 714/1754 784/1755 837/1767
f 783/1756 784/1755 776/1738
f 759/1734 766/1737 767/1752
f 767/1752 766/1737 776/1738
f 776/1738 775/1739 783/1756
f 775/1739 774/1740 782/1759
f 764/1847 772/1741 773/1736
f 774/1740 780/1742 781/1761
f 771/1743 772/1741 764/1847
f 780/1742 779/1744 785/1763
f 779/1744 778/1746 713/1765
f 777/1753 778/1746 768/1747
f 768/1747 761/1748 760/1733
f 750/1732 760/1733 761/1748
f 762/1749 769/1745 771/1743
f 761/1748 751/1750 750/1732
f 760/1733 750/1732 749/1731
f 749/1731 748/1730 746/1476
f 746/1476 748/1730 747/1726
f 739/1728 740/1727 741/1729
f 747/1726 1508/1724 1507/1725
f 1507/1725 743/1475 747/1726
f 743/1475 1507/1725 1506/1467
f 1497/1465 1507/1725 1508/1724
f 1493/1723 740/1727 739/1728
f 739/1728 1892/1845 1493/1723
f 1892/1845 1492/1722 1493/1723
f 1492/1722 1892/1845 1893/1484
f 1893/1484 1892/1845 739/1728
f 1508/1724 1488/1500 1497/1465
f 1497/1465 1488/1500 1490/1498
f 1486/1501 1493/1723 1492/1722
f 1490/1498 1488/1500 1487/1499
f 1487/1499 1489/1496 1490/1498
f 1499/1497 1490/1498 1489/1496
f 1499/1497 1489/1496 1501/1494
f 1498/1463 1499/1497 1501/1494
f 1501/1494 1489/1496 1511/1495
f 1511/1495 1509/1492 1501/1494
f 1501/1494 1509/1492 1510/1493
f 1510/1493 1835/1849 1501/1494
f 1837/1848 1501/1494 1835/1849
f 1835/1849 1836/1851 1837/1848
f 1837/1848 1836/1851 1841/1852
f 1841/1852 1840/1855 1837/1848
f 1868/1459 1837/1848 1840/1855
f 1839/1854 1840/1855 1841/1852
f 1841/1852 1842/1853 1839/1854
f 1859/1856 1839/1854 1842/1853
f 1842/1853 1854/1857 1859/1856
f 1859/1856 1854/1857 1861/1859
f 1861/1859 1860/1860 1859/1856
f 1858/1872 1859/1856 1860/1860
f 1860/1860 1867/1871 1858/1872
f 1857/1869 1858/1872 1867/1871
f 1867/1871 1866/1870 1857/1869
f 1857/1869 1866/1870 1865/1868
f 1865/1868 1856/1867 1857/1869
f 1850/1455 1857/1869 1856/1867
f 1856/1867 1865/1868 1863/1866
f 1863/1866 1855/1865 1856/1867
f 1848/1453 1856/1867 1855/1865
f 1855/1865 1863/1866 1862/1864
f 1862/1864 1853/1858 1855/1865
f 1846/1452 1855/1865 1853/1858
f 1853/1858 1862/1864 1861/1859
f 1861/1859 1862/1864 1098/1863
f 1098/1863 1101/1862 1861/1859
f 1861/1859 1101/1862 1089/1861
f 1089/1861 1101/1862 1102/1877
f 1102/1877 1085/1876 1089/1861
f 1088/1873 1089/1861 1085/1876
f 1085/1876 1087/1875 1088/1873
f 1092/1874 1088/1873 1087/1875
f 1087/1875 1091/1916 1092/1874
f 1095/1915 1092/1874 1091/1916
f 1091/1916 1094/1913 1095/1915
f 1098/1863 1095/1915 1094/1913
f 1094/1913 1097/1914 1098/1863
f 1096/1912 1097/1914 1094/1913
f 1094/1913 1093/1910 1096/1912
f 1067/1911 1096/1912 1093/1910
f 1054/1909 1067/1911 1093/1910
f 1093/1910 1169/1887 1054/1909
f 1055/1908 1054/1909 1169/1887
f 1169/1887 1170/1889 1055/1908
f 1055/1908 1170/1889 1171/1890
f 1171/1890 1172/1905 1055/1908
f 1053/1907 1055/1908 1172/1905
f 1172/1905 1063/1906 1053/1907
f 1053/1907 1063/1906 1064/1891
f 1064/1891 1065/1888 1053/1907
f 1061/1884 1053/1907 1065/1888
f 1169/1887 1061/1884 1065/1888
f 1061/1884 1169/1887 1090/1886
f 1090/1886 1086/1885 1061/1884
f 1062/1882 1061/1884 1086/1885
f 1085/1876 1062/1882 1086/1885
f 1060/1883 1061/1884 1062/1882
f 1104/1881 1060/1883 1062/1882
f 1062/1882 1103/1880 1104/1881
f 1104/1881 1103/1880 1099/1879
f 1099/1879 1116/1919 1104/1881
f 1104/1881 1116/1919 1117/1920
f 1117/1920 1106/1932 1104/1881
f 1106/1932 1117/1920 1118/1933
f 1118/1933 1107/1931 1106/1932
f 1105/1930 1106/1932 1107/1931
f 1107/1931 1108/1929 1105/1930
f 1110/1928 1105/1930 1108/1929
f 1108/1929 1109/1927 1110/1928
f 1112/1924 1110/1928 1109/1927
f 1109/1927 1111/1926 1112/1924
f 1112/1924 1111/1926 1113/1925
f 1113/1925 1114/1922 1112/1924
f 1066/1923 1112/1924 1114/1922
f 1114/1922 1067/1911 1066/1923
f 1115/1918 1067/1911 1114/1922
f 1114/1922 1126/1921 1115/1918
f 1116/1919 1115/1918 1126/1921
f 1125/1934 1126/1921 1114/1922
f 1117/1920 1126/1921 1125/1934
f 1114/1922 1113/1925 1125/1934
f 1124/1935 1125/1934 1113/1925
f 1113/1925 1123/1939 1124/1935
f 1124/1935 1123/1939 1132/1938
f 1132/1938 1127/1937 1124/1935
f 1119/1936 1124/1935 1127/1937
f 1127/1937 1128/1946 1119/1936
f 1120/1945 1119/1936 1128/1946
f 1128/1946 1129/1944 1120/1945
f 1121/1943 1120/1945 1129/1944
f 1129/1944 1130/1942 1121/1943
f 1122/1940 1121/1943 1130/1942
f 1130/1942 1131/1941 1122/1940
f 1123/1939 1122/1940 1131/1941
f 1131/1941 1130/1942 1140/1954
f 1140/1954 1142/1953 1131/1941
f 1132/1938 1131/1941 1142/1953
f 1142/1953 1144/1951 1132/1938
f 1144/1951 1142/1953 1141/1952
f 1141/1952 1143/1950 1144/1951
f 1134/1948 1144/1951 1143/1950
f 1143/1950 1135/1949 1134/1948
f 1133/1947 1134/1948 1135/1949
f 1135/1949 1136/1957 1133/1947
f 1138/1955 1133/1947 1136/1957
f 1136/1957 1137/1956 1138/1955
f 1140/1954 1138/1955 1137/1956
f 1137/1956 1139/1973 1140/1954
f 1139/1973 1137/1956 1150/1974
f 1150/1974 1152/1971 1139/1973
f 1141/1952 1139/1973 1152/1971
f 1152/1971 1154/1972 1141/1952
f 1153/1968 1154/1972 1152/1971
f 1152/1971 1151/1970 1153/1968
f 1153/1968 1151/1970 1161/1969
f 1161/1969 1162/1967 1153/1968
f 1155/1966 1153/1968 1162/1967
f 1162/1967 1157/1965 1155/1966
f 1146/1964 1155/1966 1157/1965
f 1157/1965 1158/1963 1146/1964
f 1147/1960 1146/1964 1158/1963
f 1158/1963 1159/1962 1147/1960
f 1149/1961 1147/1960 1159/1962
f 1159/1962 1160/1975 1149/1961
f 1151/1970 1149/1961 1160/1975
f 1150/1974 1149/1961 1151/1970
f 1149/1961 1150/1974 1148/1959
f 1160/1975 1159/1962 1165/1976
f 1165/1976 1166/1990 1160/1975
f 1161/1969 1160/1975 1166/1990
f 1166/1990 1167/1988 1161/1969
f 1078/1989 1167/1988 1166/1990
f 1166/1990 1080/1991 1078/1989
f 1077/1992 1078/1989 1080/1991
f 1080/1991 1079/1993 1077/1992
f 1076/1984 1077/1992 1079/1993
f 1079/1993 1082/1983 1076/1984
f 1073/1982 1076/1984 1082/1983
f 1082/1983 1083/1981 1073/1982
f 1074/1980 1073/1982 1083/1981
f 1083/1981 1084/1979 1074/1980
f 1074/1980 1084/1979 1164/1977
f 1164/1977 1163/1987 1074/1980
f 1074/1980 1163/1987 1168/1986
f 1168/1986 1075/1985 1074/1980
f 1075/1985 1168/1986 1167/1988
f 1167/1988 1168/1986 1162/1967
f 1168/1986 1163/1987 1157/1965
f 1157/1965 1163/1987 1164/1977
f 1164/1977 1084/1979 1081/1978
f 1081/1978 1165/1976 1164/1977
f 1165/1976 1081/1978 1080/1991
f 1081/1978 1084/1979 1083/1981
f 1073/1982 1074/1980 1075/1985
f 1083/1981 1082/1983 1081/1978
f 1075/1985 1076/1984 1073/1982
f 1081/1978 1082/1983 1079/1993
f 1077/1992 1076/1984 1075/1985
f 1079/1993 1080/1991 1081/1978
f 1075/1985 1078/1989 1077/1992
f 1167/1988 1078/1989 1075/1985
f 1080/1991 1166/1990 1165/1976
f 1164/1977 1165/1976 1159/1962
f 1148/1959 1147/1960 1149/1961
f 1147/1960 1148/1959 1145/1958
f 1145/1958 1148/1959 1136/1957
f 1159/1962 1158/1963 1164/1977
f 1145/1958 1146/1964 1147/1960
f 1146/1964 1145/1958 1156/1994
f 1156/1994 1145/1958 1135/1949
f 1164/1977 1158/1963 1157/1965
f 1156/1994 1155/1966 1146/1964
f 1155/1966 1156/1994 1154/1972
f 1154/1972 1156/1994 1143/1950
f 1157/1965 1162/1967 1168/1986
f 1162/1967 1161/1969 1167/1988
f 1160/1975 1161/1969 1151/1970
f 1154/1972 1153/1968 1155/1966
f 1151/1970 1152/1971 1150/1974
f 1148/1959 1150/1974 1137/1956
f 1137/1956 1136/1957 1148/1959
f 1133/1947 1138/1955 1129/1944
f 1136/1957 1135/1949 1145/1958
f 1127/1937 1134/1948 1133/1947
f 1135/1949 1143/1950 1156/1994
f 1144/1951 1134/1948 1127/1937
f 1143/1950 1141/1952 1154/1972
f 1139/1973 1141/1952 1142/1953
f 1142/1953 1140/1954 1139/1973
f 1138/1955 1140/1954 1130/1942
f 1121/1943 1122/1940 1111/1926
f 1130/1942 1129/1944 1138/1955
f 1120/1945 1121/1943 1109/1927
f 1129/1944 1128/1946 1133/1947
f 1107/1931 1119/1936 1120/1945
f 1133/1947 1128/1946 1127/1937
f 1124/1935 1119/1936 1107/1931
f 1127/1937 1132/1938 1144/1951
f 1131/1941 1132/1938 1123/1939
f 1122/1940 1123/1939 1113/1925
f 1118/1933 1125/1934 1124/1935
f 1113/1925 1111/1926 1122/1940
f 1111/1926 1109/1927 1121/1943
f 1110/1928 1112/1924 1066/1923
f 1066/1923 1053/1907 1110/1928
f 1053/1907 1066/1923 1054/1909
f 1109/1927 1108/1929 1120/1945
f 1105/1930 1110/1928 1053/1907
f 1053/1907 1060/1883 1105/1930
f 1120/1945 1108/1929 1107/1931
f 1106/1932 1105/1930 1060/1883
f 1107/1931 1118/1933 1124/1935
f 1125/1934 1118/1933 1117/1920
f 1126/1921 1117/1920 1116/1919
f 1115/1918 1116/1919 1099/1879
f 1099/1879 1096/1912 1115/1918
f 1099/1879 1103/1880 1102/1877
f 1102/1877 1100/1878 1099/1879
f 1099/1879 1100/1878 1097/1914
f 1097/1914 1100/1878 1101/1862
f 1102/1877 1103/1880 1062/1882
f 1060/1883 1104/1881 1106/1932
f 1087/1875 1086/1885 1090/1886
f 1060/1883 1053/1907 1061/1884
f 1065/1888 1064/1891 1171/1890
f 1171/1890 1064/1891 1176/1892
f 1176/1892 1174/1893 1171/1890
f 1057/1894 1174/1893 1176/1892
f 1176/1892 1058/1895 1057/1894
f 1056/1896 1057/1894 1058/1895
f 1058/1895 1059/1897 1056/1896
f 1072/1898 1056/1896 1059/1897
f 1068/1900 1072/1898 1059/1897
f 1070/1899 1072/1898 1068/1900
f 1070/1899 1068/1900 1069/1901
f 1069/1901 1071/1904 1070/1899
f 1070/1899 1071/1904 1057/1894
f 1057/1894 1071/1904 1173/1903
f 1173/1903 1071/1904 1069/1901
f 1069/1901 1175/1902 1173/1903
f 1173/1903 1175/1902 1063/1906
f 1176/1892 1175/1902 1069/1901
f 1058/1895 1069/1901 1068/1900
f 1070/1899 1056/1896 1072/1898
f 1068/1900 1059/1897 1058/1895
f 1057/1894 1056/1896 1070/1899
f 1069/1901 1058/1895 1176/1892
f 1173/1903 1174/1893 1057/1894
f 1174/1893 1173/1903 1172/1905
f 1175/1902 1176/1892 1064/1891
f 1064/1891 1063/1906 1175/1902
f 1063/1906 1172/1905 1173/1903
f 1172/1905 1171/1890 1174/1893
f 1171/1890 1170/1889 1065/1888
f 1065/1888 1170/1889 1169/1887
f 1053/1907 1054/1909 1055/1908
f 1090/1886 1169/1887 1093/1910
f 1091/1916 1090/1886 1093/1910
f 1054/1909 1066/1923 1067/1911
f 1067/1911 1115/1918 1096/1912
f 1097/1914 1096/1912 1099/1879
f 1095/1915 1098/1863 1864/1917
f 1095/1915 1864/1917 1863/1866
f 1093/1910 1094/1913 1091/1916
f 1092/1874 1095/1915 1865/1868
f 1090/1886 1091/1916 1087/1875
f 1867/1871 1088/1873 1092/1874
f 1086/1885 1087/1875 1085/1876
f 1860/1860 1089/1861 1088/1873
f 1062/1882 1085/1876 1102/1877
f 1101/1862 1100/1878 1102/1877
f 1101/1862 1098/1863 1097/1914
f 1864/1917 1098/1863 1862/1864
f 1862/1864 1863/1866 1864/1917
f 1863/1866 1865/1868 1095/1915
f 1865/1868 1866/1870 1092/1874
f 1092/1874 1866/1870 1867/1871
f 1858/1872 1857/1869 1850/1455
f 1088/1873 1867/1871 1860/1860
f 1859/1856 1858/1872 1852/1457
f 1089/1861 1860/1860 1861/1859
f 1861/1859 1854/1857 1853/1858
f 1844/1451 1853/1858 1854/1857
f 1854/1857 1842/1853 1844/1451
f 1852/1457 1839/1854 1859/1856
f 1844/1451 1842/1853 1841/1852
f 1840/1855 1839/1854 1852/1457
f 1841/1852 1836/1851 1838/1449
f 1834/1850 1838/1449 1836/1851
f 1838/1449 1834/1850 1504/1445
f 1836/1851 1835/1849 1834/1850
f 1482/1440 1834/1850 1835/1849
f 1500/1461 1501/1494 1837/1848
f 1835/1849 1510/1493 1482/1440
f 1482/1440 1510/1493 1509/1492
f 1509/1492 1479/1491 1482/1440
f 1479/1491 1509/1492 1511/1495
f 1498/1463 1490/1498 1499/1497
f 1511/1495 1489/1496 1487/1499
f 1487/1499 1512/1507 1511/1495
f 1511/1495 1512/1507 1513/1506
f 1513/1506 1480/1505 1511/1495
f 900/1517 1480/1505 1513/1506
f 1480/1505 900/1517 899/1514
f 899/1514 900/1517 901/1516
f 901/1516 902/1515 899/1514
f 899/1514 902/1515 903/1513
f 903/1513 904/1512 899/1514
f 1484/1503 899/1514 904/1512
f 904/1512 903/1513 905/1511
f 905/1511 906/1509 904/1512
f 1485/1502 904/1512 906/1509
f 906/1509 905/1511 963/1510
f 963/1510 962/1508 906/1509
f 1487/1499 906/1509 962/1508
f 962/1508 963/1510 960/1519
f 960/1519 961/1518 962/1508
f 961/1518 1512/1507 962/1508
f 1512/1507 961/1518 900/1517
f 961/1518 960/1519 901/1516
f 907/1538 901/1516 960/1519
f 960/1519 913/1537 907/1538
f 912/1539 907/1538 913/1537
f 913/1537 839/1540 912/1539
f 914/1549 912/1539 839/1540
f 839/1540 1052/1551 914/1549
f 914/1549 1052/1551 923/1550
f 923/1550 925/1548 914/1549
f 911/1547 914/1549 925/1548
f 925/1548 916/1546 911/1547
f 847/1545 911/1547 916/1546
f 916/1546 915/1544 847/1545
f 848/1542 847/1545 915/1544
f 915/1544 920/1543 848/1542
f 1051/1541 848/1542 920/1543
f 920/1543 922/1553 1051/1541
f 1052/1551 1051/1541 922/1553
f 921/1554 922/1553 920/1543
f 920/1543 919/1558 921/1554
f 921/1554 919/1558 932/1557
f 932/1557 934/1556 921/1554
f 924/1555 921/1554 934/1556
f 934/1556 936/1565 924/1555
f 924/1555 936/1565 937/1564
f 937/1564 926/1563 924/1555
f 924/1555 926/1563 925/1548
f 926/1563 937/1564 927/1562
f 927/1562 917/1560 926/1563
f 926/1563 917/1560 916/1546
f 917/1560 927/1562 928/1561
f 928/1561 918/1559 917/1560
f 917/1560 918/1559 915/1544
f 915/1544 918/1559 919/1558
f 919/1558 918/1559 928/1561
f 928/1561 927/1562 929/1572
f 929/1572 930/1571 928/1561
f 928/1561 930/1571 931/1570
f 931/1570 932/1557 928/1561
f 932/1557 931/1570 933/1567
f 933/1567 931/1570 941/1569
f 941/1569 942/1568 933/1567
f 935/1566 933/1567 942/1568
f 942/1568 943/1575 935/1566
f 935/1566 943/1575 944/1574
f 944/1574 938/1573 935/1566
f 935/1566 938/1573 937/1564
f 929/1572 938/1573 944/1574
f 944/1574 939/1585 929/1572
f 939/1585 944/1574 950/1577
f 950/1577 945/1586 939/1585
f 939/1585 945/1586 946/1584
f 946/1584 940/1583 939/1585
f 939/1585 940/1583 930/1571
f 940/1583 946/1584 947/1582
f 947/1582 941/1569 940/1583
f 941/1569 947/1582 948/1580
f 948/1580 947/1582 954/1581
f 954/1581 955/1579 948/1580
f 949/1576 948/1580 955/1579
f 955/1579 956/1578 949/1576
f 950/1577 949/1576 956/1578
f 956/1578 951/1588 950/1577
f 950/1577 951/1588 952/1587
f 855/1591 952/1587 951/1588
f 951/1588 860/1590 855/1591
f 957/1592 855/1591 860/1590
f 860/1590 859/1596 957/1592
f 859/1596 958/1595 957/1592
f 957/1592 958/1595 959/1594
f 959/1594 856/1593 957/1592
f 853/1604 856/1593 959/1594
f 959/1594 852/1603 853/1604
f 854/1602 853/1604 852/1603
f 852/1603 851/1600 854/1602
f 953/1601 854/1602 851/1600
f 851/1600 954/1581 953/1601
f 954/1581 851/1600 850/1598
f 849/1599 850/1598 851/1600
f 850/1598 849/1599 858/1597
f 858/1597 857/1589 850/1598
f 955/1579 850/1598 857/1589
f 857/1589 858/1597 859/1596
f 858/1597 849/1599 959/1594
f 854/1602 953/1601 952/1587
f 952/1587 953/1601 946/1584
f 851/1600 852/1603 849/1599
f 853/1604 854/1602 855/1591
f 959/1594 849/1599 852/1603
f 855/1591 856/1593 853/1604
f 959/1594 958/1595 858/1597
f 859/1596 858/1597 958/1595
f 859/1596 860/1590 857/1589
f 957/1592 856/1593 855/1591
f 857/1589 860/1590 951/1588
f 952/1587 855/1591 854/1602
f 951/1588 956/1578 857/1589
f 943/1575 949/1576 950/1577
f 857/1589 956/1578 955/1579
f 942/1568 948/1580 949/1576
f 850/1598 955/1579 954/1581
f 953/1601 954/1581 947/1582
f 947/1582 946/1584 953/1601
f 946/1584 945/1586 952/1587
f 952/1587 945/1586 950/1577
f 950/1577 944/1574 943/1575
f 949/1576 943/1575 942/1568
f 934/1556 933/1567 935/1566
f 948/1580 942/1568 941/1569
f 940/1583 941/1569 931/1570
f 931/1570 930/1571 940/1583
f 930/1571 929/1572 939/1585
f 938/1573 929/1572 927/1562
f 927/1562 937/1564 938/1573
f 937/1564 936/1565 935/1566
f 935/1566 936/1565 934/1556
f 921/1554 924/1555 923/1550
f 933/1567 934/1556 932/1557
f 928/1561 932/1557 919/1558
f 923/1550 922/1553 921/1554
f 844/1527 848/1542 1051/1541
f 1051/1541 841/1532 844/1527
f 844/1527 841/1532 843/1531
f 843/1531 845/1530 844/1527
f 844/1527 845/1530 969/1529
f 969/1529 970/1528 844/1527
f 970/1528 909/1524 844/1527
f 844/1527 909/1524 846/1526
f 844/1527 846/1526 847/1545
f 846/1526 909/1524 908/1525
f 908/1525 910/1552 846/1526
f 846/1526 910/1552 911/1547
f 911/1547 910/1552 912/1539
f 912/1539 910/1552 908/1525
f 908/1525 909/1524 903/1513
f 903/1513 909/1524 973/1521
f 972/1523 973/1521 909/1524
f 973/1521 972/1523 965/1522
f 965/1522 964/1520 973/1521
f 973/1521 964/1520 963/1510
f 913/1537 964/1520 965/1522
f 965/1522 966/1536 913/1537
f 966/1536 840/1534 913/1537
f 840/1534 966/1536 968/1535
f 968/1535 842/1533 840/1534
f 841/1532 840/1534 842/1533
f 839/1540 840/1534 841/1532
f 842/1533 968/1535 975/1618
f 975/1618 976/1617 842/1533
f 843/1531 842/1533 976/1617
f 976/1617 977/1615 843/1531
f 977/1615 976/1617 982/1616
f 982/1616 983/1614 977/1615
f 978/1613 977/1615 983/1614
f 983/1614 984/1612 978/1613
f 979/1609 978/1613 984/1612
f 984/1612 985/1611 979/1609
f 979/1609 985/1611 986/1610
f 986/1610 980/1607 979/1609
f 969/1529 979/1609 980/1607
f 980/1607 971/1608 969/1529
f 969/1529 971/1608 972/1523
f 972/1523 971/1608 967/1605
f 967/1605 971/1608 980/1607
f 980/1607 974/1606 967/1605
f 968/1535 967/1605 974/1606
f 974/1606 980/1607 986/1610
f 986/1610 987/1620 974/1606
f 974/1606 987/1620 981/1619
f 981/1619 975/1618 974/1606
f 981/1619 987/1620 994/1621
f 994/1621 988/1622 981/1619
f 981/1619 988/1622 989/1634
f 989/1634 982/1616 981/1619
f 982/1616 989/1634 990/1632
f 990/1632 989/1634 1000/1633
f 1000/1633 1002/1631 990/1632
f 991/1630 990/1632 1002/1631
f 1002/1631 1004/1629 991/1630
f 992/1628 991/1630 1004/1629
f 1004/1629 1006/1627 992/1628
f 993/1626 992/1628 1006/1627
f 1006/1627 995/1625 993/1626
f 994/1621 993/1626 995/1625
f 995/1625 996/1624 994/1621
f 994/1621 996/1624 997/1623
f 997/1623 996/1624 998/1636
f 998/1636 999/1635 997/1623
f 1000/1633 997/1623 999/1635
f 999/1635 1001/1658 1000/1633
f 1010/1657 1001/1658 999/1635
f 999/1635 896/1656 1010/1657
f 1040/1655 1010/1657 896/1656
f 896/1656 882/1654 1040/1655
f 1039/1649 1040/1655 882/1654
f 882/1654 881/1653 1039/1649
f 1039/1649 881/1653 1036/1652
f 1036/1652 1038/1651 1039/1649
f 1039/1649 1038/1651 1041/1650
f 1041/1650 1042/1648 1039/1649
f 1039/1649 1042/1648 1043/1645
f 1043/1645 1042/1648 1028/1647
f 1028/1647 1027/1646 1043/1645
f 1043/1645 1027/1646 1012/1642
f 1012/1642 1011/1644 1043/1645
f 1043/1645 1011/1644 1010/1657
f 1003/1643 1011/1644 1012/1642
f 1012/1642 1005/1641 1003/1643
f 1003/1643 1005/1641 1004/1629
f 1005/1641 1012/1642 1013/1640
f 1013/1640 1007/1638 1005/1641
f 1005/1641 1007/1638 1006/1627
f 1007/1638 1013/1640 1014/1639
f 1014/1639 1008/1637 1007/1638
f 1007/1638 1008/1637 995/1625
f 995/1625 1008/1637 998/1636
f 998/1636 1008/1637 1014/1639
f 1014/1639 1009/1659 998/1636
f 998/1636 1009/1659 896/1656
f 1019/1661 896/1656 1009/1659
f 1016/1660 1019/1661 1009/1659
f 1018/1663 1019/1661 1016/1660
f 1016/1660 1017/1664 1018/1663
f 1018/1663 1017/1664 1026/1675
f 1026/1675 1021/1674 1018/1663
f 880/1673 1018/1663 1021/1674
f 1021/1674 1020/1672 880/1673
f 877/1671 880/1673 1020/1672
f 1020/1672 1022/1670 877/1671
f 878/1668 877/1671 1022/1670
f 1022/1670 1023/1669 878/1668
f 1025/1665 878/1668 1023/1669
f 1023/1669 1024/1676 1025/1665
f 1025/1665 1024/1676 1026/1675
f 1026/1675 1024/1676 869/1677
f 869/1677 863/1678 1026/1675
f 1026/1675 863/1678 862/1681
f 861/1680 862/1681 863/1678
f 863/1678 864/1679 861/1680
f 861/1680 864/1679 867/1684
f 861/1680 867/1684 865/1683
f 861/1680 865/1683 866/1682
f 866/1682 865/1683 883/1688
f 883/1688 884/1689 866/1682
f 866/1682 884/1689 1022/1670
f 871/1687 884/1689 883/1688
f 883/1688 870/1686 871/1687
f 869/1677 871/1687 870/1686
f 870/1686 868/1685 869/1677
f 869/1677 868/1685 864/1679
f 870/1686 867/1684 868/1685
f 1023/1669 871/1687 869/1677
f 883/1688 867/1684 870/1686
f 884/1689 871/1687 1023/1669
f 883/1688 865/1683 867/1684
f 867/1684 864/1679 868/1685
f 866/1682 862/1681 861/1680
f 862/1681 866/1682 1020/1672
f 864/1679 863/1678 869/1677
f 869/1677 1024/1676 1023/1669
f 875/1667 878/1668 1025/1665
f 1025/1665 1015/1666 875/1667
f 1014/1639 875/1667 1015/1666
f 1014/1639 1015/1666 1016/1660
f 1016/1660 1015/1666 1025/1665
f 1023/1669 1022/1670 884/1689
f 877/1671 878/1668 875/1667
f 875/1667 876/1690 877/1671
f 877/1671 876/1690 879/1662
f 876/1690 882/1654 879/1662
f 875/1667 874/1691 876/1690
f 876/1690 874/1691 881/1653
f 881/1653 874/1691 1034/1695
f 1030/1694 1034/1695 874/1691
f 874/1691 873/1693 1030/1694
f 1030/1694 873/1693 1028/1647
f 1028/1647 1029/1704 1030/1694
f 1030/1694 1029/1704 1031/1703
f 1031/1703 1032/1702 1030/1694
f 1030/1694 1032/1702 1033/1700
f 1033/1700 1032/1702 1047/1701
f 1047/1701 1048/1699 1033/1700
f 1035/1696 1033/1700 1048/1699
f 1048/1699 1049/1698 1035/1696
f 1037/1697 1035/1696 1049/1698
f 1049/1698 1050/1707 1037/1697
f 1044/1705 1037/1697 1050/1707
f 1050/1707 1045/1706 1044/1705
f 1031/1703 1044/1705 1045/1706
f 1045/1706 1046/1717 1031/1703
f 888/1716 1046/1717 1045/1706
f 1045/1706 892/1715 888/1716
f 885/1719 888/1716 892/1715
f 892/1715 891/1720 885/1719
f 889/1712 885/1719 891/1720
f 891/1720 890/1713 889/1712
f 889/1712 890/1713 894/1710
f 894/1710 897/1711 889/1712
f 897/1711 886/1721 889/1712
f 887/1718 886/1721 897/1711
f 897/1711 898/1709 887/1718
f 887/1718 898/1709 1048/1699
f 885/1719 886/1721 887/1718
f 898/1709 897/1711 894/1710
f 894/1710 895/1708 898/1709
f 898/1709 895/1708 1049/1698
f 893/1714 895/1708 894/1710
f 895/1708 893/1714 1050/1707
f 894/1710 890/1713 893/1714
f 892/1715 893/1714 890/1713
f 885/1719 889/1712 886/1721
f 890/1713 891/1720 892/1715
f 887/1718 888/1716 885/1719
f 888/1716 887/1718 1047/1701
f 893/1714 892/1715 1045/1706
f 1047/1701 1046/1717 888/1716
f 1041/1650 1044/1705 1031/1703
f 1045/1706 1050/1707 893/1714
f 1038/1651 1037/1697 1044/1705
f 1050/1707 1049/1698 895/1708
f 1036/1652 1035/1696 1037/1697
f 1035/1696 1036/1652 1034/1695
f 1049/1698 1048/1699 898/1709
f 1034/1695 1033/1700 1035/1696
f 1048/1699 1047/1701 887/1718
f 1046/1717 1047/1701 1032/1702
f 1032/1702 1031/1703 1046/1717
f 1031/1703 1029/1704 1041/1650
f 872/1692 873/1693 874/1691
f 873/1693 872/1692 1027/1646
f 1027/1646 872/1692 1013/1640
f 875/1667 1013/1640 872/1692
f 1033/1700 1034/1695 1030/1694
f 874/1691 875/1667 872/1692
f 1022/1670 1020/1672 866/1682
f 879/1662 880/1673 877/1671
f 1020/1672 1021/1674 862/1681
f 1018/1663 880/1673 879/1662
f 862/1681 1021/1674 1026/1675
f 1026/1675 1017/1664 1025/1665
f 1025/1665 1017/1664 1016/1660
f 879/1662 1019/1661 1018/1663
f 1019/1661 879/1662 896/1656
f 1016/1660 1009/1659 1014/1639
f 875/1667 1014/1639 1013/1640
f 1011/1644 1003/1643 1001/1658
f 1001/1658 1003/1643 1002/1631
f 1013/1640 1012/1642 1027/1646
f 1027/1646 1028/1647 873/1693
f 1029/1704 1028/1647 1042/1648
f 1042/1648 1041/1650 1029/1704
f 1044/1705 1041/1650 1038/1651
f 1037/1697 1038/1651 1036/1652
f 1034/1695 1036/1652 881/1653
f 881/1653 882/1654 876/1690
f 1043/1645 1040/1655 1039/1649
f 882/1654 896/1656 879/1662
f 1010/1657 1040/1655 1043/1645
f 1001/1658 1010/1657 1011/1644
f 896/1656 999/1635 998/1636
f 998/1636 996/1624 995/1625
f 986/1610 993/1626 994/1621
f 995/1625 1006/1627 1007/1638
f 985/1611 992/1628 993/1626
f 1006/1627 1004/1629 1005/1641
f 984/1612 991/1630 992/1628
f 1004/1629 1002/1631 1003/1643
f 983/1614 990/1632 991/1630
f 1002/1631 1000/1633 1001/1658
f 997/1623 1000/1633 989/1634
f 989/1634 988/1622 997/1623
f 997/1623 988/1622 994/1621
f 994/1621 987/1620 986/1610
f 993/1626 986/1610 985/1611
f 992/1628 985/1611 984/1612
f 978/1613 979/1609 969/1529
f 991/1630 984/1612 983/1614
f 977/1615 978/1613 845/1530
f 990/1632 983/1614 982/1616
f 981/1619 982/1616 976/1617
f 976/1617 975/1618 981/1619
f 974/1606 975/1618 968/1535
f 967/1605 968/1535 966/1536
f 966/1536 965/1522 967/1605
f 967/1605 965/1522 972/1523
f 909/1524 970/1528 972/1523
f 972/1523 970/1528 969/1529
f 969/1529 845/1530 978/1613
f 845/1530 843/1531 977/1615
f 842/1533 843/1531 841/1532
f 839/1540 841/1532 1051/1541
f 919/1558 920/1543 915/1544
f 847/1545 848/1542 844/1527
f 915/1544 916/1546 917/1560
f 911/1547 847/1545 846/1526
f 916/1546 925/1548 926/1563
f 925/1548 923/1550 924/1555
f 922/1553 923/1550 1052/1551
f 1051/1541 1052/1551 839/1540
f 912/1539 914/1549 911/1547
f 913/1537 840/1534 839/1540
f 908/1525 907/1538 912/1539
f 907/1538 908/1525 902/1515
f 964/1520 913/1537 960/1519
f 960/1519 963/1510 964/1520
f 963/1510 905/1511 973/1521
f 973/1521 905/1511 903/1513
f 903/1513 902/1515 908/1525
f 902/1515 901/1516 907/1538
f 901/1516 900/1517 961/1518
f 900/1517 1513/1506 1512/1507
f 962/1508 1512/1507 1487/1499
f 906/1509 1487/1499 1485/1502
f 904/1512 1485/1502 1484/1503
f 1492/1722 1483/1504 1486/1501
f 1483/1504 1492/1722 1491/1486
f 899/1514 1484/1503 1480/1505
f 1511/1495 1480/1505 1479/1491
f 1479/1491 1478/1437 1481/1438
f 1472/1439 1464/1435 1463/1425
f 1481/1438 1482/1440 1479/1491
f 1834/1850 1482/1440 1475/1441
f 1474/1443 1470/1442 1468/1490
f 1475/1441 1504/1445 1834/1850
f 1504/1445 1870/1447 1838/1449
f 1838/1449 1843/1450 1841/1852
f 1841/1852 1843/1450 1844/1451
f 1853/1858 1844/1451 1846/1452
f 1855/1865 1846/1452 1848/1453
f 1871/1446 1847/1454 1845/1448
f 1847/1454 1871/1446 1869/1460
f 1856/1867 1848/1453 1850/1455
f 1850/1455 1852/1457 1858/1872
f 1852/1457 1851/1458 1840/1855
f 1840/1855 1851/1458 1868/1459
f 1869/1460 1849/1456 1847/1454
f 1837/1848 1868/1459 1500/1461
f 1502/1462 1869/1460 1871/1446
f 1500/1461 1498/1463 1501/1494
f 1496/1464 1502/1462 1503/1444
f 1490/1498 1498/1463 1497/1465
f 1476/1488 1495/1466 1496/1464
f 1497/1465 1506/1467 1507/1725
f 744/1472 1506/1467 1505/1468
f 1505/1468 1896/1471 744/1472
f 1506/1467 744/1472 743/1475
f 747/1726 743/1475 746/1476
f 746/1476 758/1477 749/1731
f 765/1735 758/1477 757/1478
f 757/1478 763/1479 770/1846
f 763/1479 752/1481 762/1749
f 752/1481 753/1482 742/1751
f 753/1482 754/1483 739/1728
f 756/1473 755/1480 745/1474
f 739/1728 754/1483 1893/1484
f 756/1473 1895/1470 1894/1485
f 1893/1484 1491/1486 1492/1722
f 1494/1469 1894/1485 1895/1470
f 1491/1486 1477/1487 1483/1504
f 1495/1466 1476/1488 1494/1469
f 1477/1487 1466/1489 1465/1436
f 1468/1490 1476/1488 1474/1443
f 1469/1430 1468/1490 1470/1442
f 1452/1407 1459/1432 1458/1429
f 1466/1489 1467/1431 1462/1433
f 1453/1410 1460/1434 1459/1432
f 1462/1433 1463/1425 1464/1435
f 1463/1425 1473/1426 1472/1439
f 1472/1439 1473/1426 1471/1427
f 1469/1430 1471/1427 1456/1428
f 1455/1422 1457/1423 1461/1424
f 1440/1402 1432/1400 1433/1997
f 1441/1401 1446/1403 1445/1421
f 1447/1404 1440/1402 1439/1999
f 1445/1421 1446/1403 1450/1405
f 1456/1428 1450/1405 1451/1406
f 1458/1429 1451/1406 1452/1407
f 1439/1999 1448/1408 1447/1404
f 1438/2000 1449/1409 1448/1408
f 1449/1409 1438/2000 1436/1415
f 1459/1432 1452/1407 1453/1410
f 1460/1434 1453/1410 1454/1412
f 1455/1422 1454/1412 1444/1413
f 1444/1413 1437/1414 1442/1420
f 1436/1415 1443/1411 1449/1409
f 1437/1414 1430/1416 1429/1397
f 1425/1396 1429/1397 1430/1416
f 1435/1417 1436/1415 1438/2000
f 1427/1419 1435/1417 1434/1996
f 1430/1416 1426/1418 1425/1396
f 1429/1397 1425/1396 1424/1395
f 1424/1395 1292/1394 1293/1066
f 1293/1066 1292/1394 1291/1104
f 1284/1392 1288/1390 1289/1393
f 1284/1392 1285/1391 1288/1390
f 1284/1392 1282/1073 1285/1391
f 1288/1390 1285/1391 1290/1077
f 1296/1108 1306/1107 1308/1083
f 1291/1104 1294/1103 1277/1064
f 1278/1065 1271/1063 1272/2003
f 1293/1066 1291/1104 1277/1064
f 1423/1399 1293/1066 1421/1067
f 1422/1998 1421/1067 1281/1068
f 1272/2003 1279/1069 1278/1065
f 1428/1995 1281/1068 1280/1070
f 1267/2002 1274/1071 1279/1069
f 1274/1071 1267/2002 1266/1088
f 1427/1419 1280/1070 1283/1072
f 1284/1392 1283/1072 1282/1073
f 1282/1073 1287/1075 1285/1391
f 1290/1077 1285/1391 1287/1075
f 1697/1105 1290/1077 1303/1078
f 1303/1078 1300/1079 1301/1111
f 1300/1079 1299/1080 1648/1117
f 1299/1080 1309/1082 1645/1118
f 1307/1109 1309/1082 1308/1083
f 1308/1083 1295/1084 1296/1108
f 1286/1074 1298/1081 1297/1076
f 1295/1084 1275/1085 1276/1102
f 1274/1071 1273/1086 1286/1074
f 1275/1085 1268/1087 1269/1101
f 1266/1088 1273/1086 1274/1071
f 1268/1087 1259/1089 1265/1100
f 1260/1090 1266/1088 1267/2002
f 1257/146 1260/1090 1261/2001
f 1255/1093 1259/1089 1256/1091
f 1233/1052 1252/1053 1255/1093
f 1240/1094 1239/1092 1241/147
f 2112/1097 2313/1045 2113/1096
f 2045/1098 2044/1099 2265/154
f 2112/1097 2311/1044 2313/1045
f 2114/1095 2313/1045 2312/1046
f 2263/1041 2298/1043 2264/1042
f 2312/1046 2266/1040 2250/1039
f 2114/1095 2312/1046 2116/1048
f 2114/1095 2116/1048 1234/1049
f 1233/1052 1234/1049 1235/1050
f 2046/1031 1235/1050 2047/1032
f 2046/1031 2047/1032 2268/1030
f 2115/1033 2314/1047 2270/1034
f 2270/1034 2252/1038 2254/1036
f 2271/1035 2292/1037 2269/1029
f 2271/1035 2269/1029 2268/1030
f 2046/1031 2268/1030 2248/120
f 2267/1027 2291/1028 2294/1011
f 2291/1028 2245/167 2294/1011
f 2247/1012 2248/120 2249/1026
f 2154/1014 2155/109 2156/119
f 2199/1022 2200/103 2198/108
f 2199/1022 2281/1023 2200/103
f 2281/1023 2282/1025 2200/103
f 2285/1024 2200/103 2282/1025
f 2281/1023 2285/1024 2282/1025
f 2283/99 2197/1021 2287/98
f 2287/98 2194/1019 2286/97
f 2278/94 2162/92 2279/95
f 2053/802 2279/95 2162/92
f 2277/93 2162/92 2278/94
f 2277/93 2163/90 2162/92
f 2161/91 2162/92 2163/90
f 2272/88 2161/91 2163/90
f 2272/88 2163/90 2273/89
f 2241/87 2272/88 2273/89
f 2274/1017 2241/87 2273/89
f 2274/1017 2242/1016 2241/87
f 2242/1016 2274/1017 2277/93
f 2241/87 2289/85 2272/88
f 2289/85 2241/87 2304/86
f 2289/85 2304/86 2288/84
f 2288/84 2168/81 2289/85
f 2289/85 2168/81 2161/91
f 2179/798 2161/91 2168/81
f 2288/84 2164/59 2168/81
f 2168/81 2164/59 2167/83
f 2167/83 2169/82 2168/81
f 2168/81 2169/82 2170/80
f 2170/80 2171/79 2168/81
f 2172/77 2171/79 2170/80
f 2096/78 2171/79 2172/77
f 2096/78 2172/77 2055/75
f 2055/75 2172/77 2175/76
f 2055/75 2175/76 2056/73
f 2055/75 2056/73 2057/74
f 2056/73 2058/72 2057/74
f 2056/73 2174/71 2058/72
f 2058/72 2174/71 2149/70
f 2174/71 2176/57 2149/70
f 2149/70 2176/57 2178/68
f 2148/69 2149/70 2178/68
f 2193/67 2148/69 2178/68
f 2193/67 2178/68 2201/66
f 2239/64 2193/67 2201/66
f 2239/64 2201/66 2295/65
f 2239/64 2295/65 2276/63
f 2275/61 2239/64 2276/63
f 2275/61 2276/63 2177/62
f 2275/61 2177/62 2165/58
f 2275/61 2165/58 2290/60
f 2304/86 2275/61 2290/60
f 2290/60 2165/58 2164/59
f 2164/59 2165/58 2166/56
f 2166/56 2165/58 2176/57
f 2176/57 2173/55 2166/56
f 2180/48 2166/56 2173/55
f 2067/53 2180/48 2173/55
f 2067/53 2173/55 2066/54
f 2067/53 2066/54 1321/33
f 2067/53 1321/33 1322/52
f 2067/53 1322/52 2070/50
f 2070/50 1322/52 1935/51
f 2070/50 1935/51 2072/49
f 2070/50 2072/49 2180/48
f 2071/47 2180/48 2072/49
f 2071/47 2181/46 2180/48
f 2071/47 2074/45 2181/46
f 2073/42 2181/46 2074/45
f 2073/42 2074/45 1934/44
f 2073/42 1934/44 1317/43
f 2073/42 1317/43 2075/41
f 2073/42 2075/41 2182/40
f 2075/41 2069/39 2182/40
f 2068/38 2182/40 2069/39
f 2068/38 2069/39 1316/37
f 2064/36 2068/38 1316/37
f 2064/36 1316/37 1319/32
f 2064/36 1319/32 2063/35
f 2064/36 2063/35 2172/77
f 2064/36 2172/77 2169/82
f 2062/34 2172/77 2063/35
f 2062/34 2063/35 1319/32
f 2062/34 1319/32 1321/33
f 2062/34 1321/33 2065/2007
f 2062/34 2065/2007 2175/76
f 2066/54 2175/76 2065/2007
f 1320/30 1321/33 1319/32
f 1319/32 1318/31 1320/30
f 1320/30 1318/31 1333/20
f 1333/20 1324/29 1320/30
f 1320/30 1324/29 1323/28
f 1323/28 1322/52 1320/30
f 1323/28 1324/29 1325/19
f 1325/19 1326/27 1323/28
f 1327/26 1323/28 1326/27
f 1326/27 1328/25 1327/26
f 1329/24 1327/26 1328/25
f 1328/25 1330/23 1329/24
f 1331/22 1329/24 1330/23
f 1330/23 1332/21 1331/22
f 1333/20 1331/22 1332/21
f 1332/21 1334/18 1333/20
f 1333/20 1334/18 1325/19
f 1341/17 1325/19 1334/18
f 1334/18 1335/14 1341/17
f 1358/16 1341/17 1335/14
f 1335/14 1343/13 1358/16
f 1358/16 1343/13 1357/2074
f 1357/2074 1359/2072 1358/16
f 1359/2072 1353/2073 1358/16
f 1360/2071 1353/2073 1359/2072
f 1359/2072 1361/2070 1360/2071
f 1366/2069 1360/2071 1361/2070
f 1361/2070 1367/2068 1366/2069
f 2076/2066 1366/2069 1367/2068
f 2076/2066 1367/2068 1373/2067
f 2076/2066 1373/2067 2077/2065
f 2183/2062 2076/2066 2077/2065
f 2077/2065 2083/2064 2183/2062
f 2183/2062 2083/2064 2184/2063
f 2183/2062 2184/2063 2185/2061
f 2185/2061 2187/2059 2183/2062
f 2185/2061 2087/2060 2187/2059
f 2187/2059 2087/2060 2080/2057
f 2187/2059 2080/2057 2079/2058
f 2187/2059 2079/2058 2078/2145
f 2078/2145 2076/2066 2187/2059
f 2079/2058 1366/2069 2078/2145
f 2079/2058 1370/2055 1366/2069
f 2080/2057 1370/2055 2079/2058
f 2080/2057 1371/2056 1370/2055
f 1371/2056 1369/2054 1370/2055
f 1365/2053 1370/2055 1369/2054
f 1369/2054 1364/2052 1365/2053
f 1354/2051 1365/2053 1364/2052
f 1364/2052 1355/2050 1354/2051
f 1349/2049 1354/2051 1355/2050
f 1355/2050 1347/2048 1349/2049
f 1348/2047 1349/2049 1347/2048
f 1347/2048 1346/2046 1348/2047
f 1924/2014 1348/2047 1346/2046
f 1346/2046 1915/2045 1924/2014
f 1923/2044 1924/2014 1915/2045
f 1915/2045 1913/2043 1923/2044
f 1909/2042 1923/2044 1913/2043
f 1913/2043 1908/2041 1909/2042
f 648/2040 1909/2042 1908/2041
f 1908/2041 649/2039 648/2040
f 503/2037 648/2040 649/2039
f 649/2039 501/2030 503/2037
f 503/2037 501/2030 502/2038
f 502/2038 504/2036 503/2037
f 496/2035 503/2037 504/2036
f 504/2036 497/2034 496/2035
f 495/2033 496/2035 497/2034
f 497/2034 498/2032 495/2033
f 499/2029 495/2033 498/2032
f 498/2032 500/2031 499/2029
f 501/2030 499/2029 500/2031
f 650/2027 499/2029 501/2030
f 499/2029 650/2027 646/2028
f 1911/2026 646/2028 650/2027
f 650/2027 1907/2025 1911/2026
f 1916/2024 1911/2026 1907/2025
f 1907/2025 1912/2023 1916/2024
f 1917/2020 1916/2024 1912/2023
f 1912/2023 1914/2022 1917/2020
f 1342/2021 1917/2020 1914/2022
f 1914/2022 1344/2077 1342/2021
f 1342/2021 1344/2077 1345/2076
f 1345/2076 1343/13 1342/2021
f 1336/15 1342/2021 1343/13
f 1343/13 1345/2076 1356/2075
f 1356/2075 1345/2076 1347/2048
f 1345/2076 1344/2077 1346/2046
f 1344/2077 1914/2022 1915/2045
f 1917/2020 1342/2021 1336/15
f 1336/15 1918/2018 1917/2020
f 1918/2018 1336/15 1337/2019
f 1337/2019 1920/2017 1918/2018
f 1920/2017 1919/2016 1918/2018
f 1918/2018 1919/2016 1916/2024
f 1919/2016 1920/2017 1921/2013
f 1921/2013 1922/2015 1919/2016
f 1910/2147 1919/2016 1922/2015
f 1922/2015 1925/2146 1910/2147
f 1910/2147 1925/2146 1923/2044
f 1923/2044 1925/2146 1922/2015
f 1919/2016 1910/2147 1911/2026
f 1922/2015 1921/2013 1924/2014
f 1924/2014 1921/2013 1351/2011
f 1351/2011 1921/2013 1338/2012
f 1338/2012 1339/2009 1351/2011
f 1350/2010 1351/2011 1339/2009
f 1339/2009 1340/2008 1350/2010
f 1352/2144 1350/2010 1340/2008
f 1340/2008 1353/2073 1352/2144
f 1353/2073 1340/2008 1341/17
f 1350/2010 1352/2144 1354/2051
f 1326/27 1340/2008 1339/2009
f 1348/2047 1351/2011 1350/2010
f 1328/25 1339/2009 1338/2012
f 1337/2019 1338/2012 1921/2013
f 1330/23 1338/2012 1337/2019
f 1921/2013 1920/2017 1337/2019
f 1332/21 1337/2019 1336/15
f 1332/21 1336/15 1335/14
f 1914/2022 1912/2023 1913/2043
f 1916/2024 1917/2020 1918/2018
f 1912/2023 1907/2025 1908/2041
f 1911/2026 1916/2024 1919/2016
f 1907/2025 650/2027 649/2039
f 646/2028 1911/2026 1910/2147
f 1910/2147 647/2148 646/2028
f 646/2028 647/2148 496/2035
f 647/2148 1910/2147 1909/2042
f 500/2031 498/2032 506/2150
f 506/2150 507/2149 500/2031
f 502/2038 500/2031 507/2149
f 507/2149 508/2153 502/2038
f 643/2152 508/2153 507/2149
f 507/2149 644/2151 643/2152
f 1979/2163 643/2152 644/2151
f 1979/2163 644/2151 1980/2164
f 1979/2163 1980/2164 2119/2162
f 1977/2160 1979/2163 2119/2162
f 1977/2160 2119/2162 2121/2161
f 1977/2160 2121/2161 1978/2159
f 1977/2160 1978/2159 641/2155
f 1977/2160 641/2155 643/2152
f 1981/2158 641/2155 1978/2159
f 1981/2158 642/2157 641/2155
f 641/2155 642/2157 505/2156
f 505/2156 509/2154 641/2155
f 641/2155 509/2154 508/2153
f 508/2153 509/2154 504/2036
f 509/2154 505/2156 497/2034
f 497/2034 505/2156 506/2150
f 506/2150 505/2156 642/2157
f 642/2157 645/2381 506/2150
f 506/2150 645/2381 644/2151
f 514/2165 644/2151 645/2381
f 645/2381 510/2380 514/2165
f 514/2165 510/2380 513/2182
f 1940/2167 514/2165 513/2182
f 1940/2167 513/2182 1941/2382
f 1940/2167 1941/2382 2117/2168
f 1940/2167 2117/2168 2119/2162
f 1940/2167 2119/2162 1942/2166
f 2117/2168 2118/2169 2119/2162
f 2125/2170 2118/2169 2117/2168
f 2117/2168 2124/2176 2125/2170
f 2125/2170 2124/2176 2132/2175
f 2132/2175 2126/2174 2125/2170
f 2125/2170 2126/2174 2127/2173
f 2127/2173 2122/2172 2125/2170
f 2125/2170 2122/2172 2120/2171
f 2120/2171 2122/2172 2123/2186
f 512/2183 2120/2171 2123/2186
f 512/2183 2123/2186 1944/2185
f 1943/2184 512/2183 1944/2185
f 1943/2184 515/2181 512/2183
f 515/2181 513/2182 512/2183
f 1945/2180 513/2182 515/2181
f 1945/2180 515/2181 1946/2179
f 1945/2180 1946/2179 2124/2176
f 1946/2179 1956/2178 2124/2176
f 1955/2177 2124/2176 1956/2178
f 1955/2177 1956/2178 1950/2201
f 1953/2198 1955/2177 1950/2201
f 1953/2198 1950/2201 1949/2200
f 1953/2198 1949/2200 1954/2199
f 1953/2198 1954/2199 2133/2197
f 1953/2198 2133/2197 2132/2175
f 2132/2175 2133/2197 2128/2195
f 2128/2195 2133/2197 2134/2196
f 2134/2196 2135/2194 2128/2195
f 2129/2193 2128/2195 2135/2194
f 2135/2194 2136/2192 2129/2193
f 2130/2188 2129/2193 2136/2192
f 2136/2192 2137/2191 2130/2188
f 1948/2190 2130/2188 2137/2191
f 1948/2190 2137/2191 1958/2204
f 1948/2190 1958/2204 1949/2200
f 1947/2189 1948/2190 1949/2200
f 1957/2205 1949/2200 1958/2204
f 1957/2205 1959/2206 1949/2200
f 1957/2205 1968/2207 1959/2206
f 1967/2209 1959/2206 1968/2207
f 1967/2209 1968/2207 2143/2208
f 1965/2211 1967/2209 2143/2208
f 1964/2212 1965/2211 2143/2208
f 1964/2212 2143/2208 2142/2216
f 1964/2212 2142/2216 1962/2215
f 1964/2212 1962/2215 518/2214
f 1964/2212 518/2214 520/2213
f 520/2213 518/2214 517/2237
f 517/2237 519/2236 520/2213
f 1969/2230 520/2213 519/2236
f 519/2236 1974/2229 1969/2230
f 1973/2228 1969/2230 1974/2229
f 1973/2228 1974/2229 639/2227
f 1972/2224 1973/2228 639/2227
f 1972/2224 639/2227 521/2226
f 1972/2224 521/2226 1976/2225
f 1976/2225 516/2223 1972/2224
f 1975/2221 1972/2224 516/2223
f 1975/2221 516/2223 518/2214
f 1975/2221 518/2214 1963/2222
f 1975/2221 1963/2222 2141/2218
f 1975/2221 2141/2218 2144/2220
f 2141/2218 2140/2219 2144/2220
f 1972/2224 2144/2220 2140/2219
f 2139/2217 2140/2219 2141/2218
f 2141/2218 2142/2216 2139/2217
f 2139/2217 2142/2216 2136/2192
f 1969/2230 2140/2219 2139/2217
f 2139/2217 2138/2231 1969/2230
f 1969/2230 2138/2231 1970/2373
f 1969/2230 1970/2373 1966/2210
f 1970/2373 1971/2374 1966/2210
f 1960/2375 1966/2210 1971/2374
f 1960/2375 1971/2374 2134/2196
f 1960/2375 1959/2206 1966/2210
f 1960/2375 1961/2376 1959/2206
f 1954/2199 1959/2206 1961/2376
f 1960/2375 2133/2197 1961/2376
f 1970/2373 2134/2196 1971/2374
f 1970/2373 2138/2231 2134/2196
f 2134/2196 2138/2231 2139/2217
f 1962/2215 2141/2218 1963/2222
f 1976/2225 525/2239 516/2223
f 516/2223 525/2239 527/2238
f 527/2238 517/2237 516/2223
f 517/2237 527/2238 529/2235
f 529/2235 527/2238 528/2244
f 528/2244 530/2234 529/2235
f 522/2232 529/2235 530/2234
f 530/2234 523/2233 522/2232
f 521/2226 522/2232 523/2233
f 523/2233 524/2240 521/2226
f 525/2239 521/2226 524/2240
f 524/2240 526/2243 525/2239
f 533/2242 526/2243 524/2240
f 524/2240 532/2241 533/2242
f 542/2254 533/2242 532/2241
f 532/2241 540/2256 542/2254
f 542/2254 540/2256 541/2255
f 541/2255 543/2253 542/2254
f 544/2252 542/2254 543/2253
f 543/2253 545/2251 544/2252
f 537/2247 544/2252 545/2251
f 545/2251 538/2250 537/2247
f 536/2249 537/2247 538/2250
f 538/2250 539/2257 536/2249
f 540/2256 536/2249 539/2257
f 531/2248 536/2249 540/2256
f 634/2300 539/2257 538/2250
f 538/2250 635/2299 634/2300
f 628/2298 634/2300 635/2299
f 635/2299 629/2297 628/2298
f 615/2294 628/2298 629/2297
f 629/2297 616/2296 615/2294
f 615/2294 616/2296 612/2295
f 612/2295 613/2293 615/2294
f 553/2292 615/2294 613/2293
f 613/2293 549/2291 553/2292
f 552/2290 553/2292 549/2291
f 549/2291 548/2289 552/2290
f 562/2288 552/2290 548/2289
f 548/2289 551/2287 562/2288
f 561/2278 562/2288 551/2287
f 551/2287 560/2286 561/2278
f 561/2278 560/2286 570/2285
f 570/2285 572/2279 561/2278
f 561/2278 572/2279 574/2276
f 574/2276 564/2277 561/2278
f 565/2272 564/2277 574/2276
f 574/2276 566/2275 565/2272
f 565/2272 566/2275 567/2274
f 567/2274 559/2273 565/2272
f 565/2272 559/2273 550/2270
f 550/2270 558/2271 565/2272
f 557/2267 558/2271 550/2270
f 550/2270 547/2269 557/2267
f 557/2267 547/2269 546/2268
f 546/2268 554/2264 557/2267
f 556/2266 557/2267 554/2264
f 554/2264 555/2265 556/2266
f 552/2290 556/2266 555/2265
f 563/2301 556/2266 552/2290
f 626/2263 555/2265 554/2264
f 554/2264 625/2262 626/2263
f 627/2261 626/2263 625/2262
f 625/2262 631/2260 627/2261
f 633/2258 627/2261 631/2260
f 631/2260 632/2259 633/2258
f 632/2259 541/2255 633/2258
f 633/2258 541/2255 539/2257
f 541/2255 632/2259 624/2310
f 624/2310 640/2309 541/2255
f 541/2255 640/2309 638/2307
f 621/2308 638/2307 640/2309
f 621/2308 620/2306 638/2307
f 637/2304 638/2307 620/2306
f 620/2306 619/2305 637/2304
f 637/2304 619/2305 630/2303
f 630/2303 636/2302 637/2304
f 545/2251 637/2304 636/2302
f 635/2299 636/2302 630/2303
f 617/2322 630/2303 619/2305
f 619/2305 618/2321 617/2322
f 612/2295 617/2322 618/2321
f 609/2317 612/2295 618/2321
f 618/2321 608/2320 609/2317
f 609/2317 608/2320 607/2319
f 607/2319 578/2318 609/2317
f 609/2317 578/2318 579/2316
f 579/2316 610/2315 609/2317
f 579/2316 603/2314 610/2315
f 611/2313 610/2315 603/2314
f 603/2314 622/2312 611/2313
f 611/2313 622/2312 623/2311
f 623/2311 614/2372 611/2313
f 611/2313 614/2372 613/2293
f 614/2372 623/2311 631/2260
f 624/2310 623/2311 622/2312
f 624/2310 622/2312 621/2308
f 604/2330 621/2308 622/2312
f 621/2308 604/2330 605/2331
f 581/2327 605/2331 604/2330
f 604/2330 601/2329 581/2327
f 581/2327 601/2329 478/2328
f 478/2328 477/2326 581/2327
f 580/2324 581/2327 477/2326
f 477/2326 582/2325 580/2324
f 607/2319 580/2324 582/2325
f 582/2325 576/2362 607/2319
f 577/2360 576/2362 582/2325
f 582/2325 583/2361 577/2360
f 577/2360 583/2361 584/2358
f 584/2358 585/2359 577/2360
f 577/2360 585/2359 586/2364
f 586/2364 575/2363 577/2360
f 483/2332 575/2363 586/2364
f 586/2364 484/2334 483/2332
f 483/2332 484/2334 474/2333
f 474/2333 478/2328 483/2332
f 474/2333 484/2334 485/2335
f 485/2335 486/2336 474/2333
f 474/2333 486/2336 593/2354
f 593/2354 475/2356 474/2333
f 474/2333 475/2356 476/2357
f 474/2333 476/2357 477/2326
f 583/2361 476/2357 475/2356
f 475/2356 593/2354 594/2355
f 594/2355 584/2358 475/2356
f 595/2353 594/2355 593/2354
f 593/2354 592/2352 595/2353
f 597/2351 595/2353 592/2352
f 592/2352 480/2350 597/2351
f 488/2347 597/2351 480/2350
f 480/2350 479/2349 488/2347
f 488/2347 479/2349 482/2348
f 488/2347 482/2348 489/2346
f 487/2344 488/2347 489/2346
f 487/2344 489/2346 493/2345
f 487/2344 493/2345 490/2343
f 487/2344 490/2343 491/2342
f 491/2342 492/2371 487/2344
f 492/2371 491/2342 599/2369
f 599/2369 598/2370 492/2371
f 488/2347 492/2371 598/2370
f 596/2366 598/2370 599/2369
f 599/2369 600/2368 596/2366
f 596/2366 600/2368 588/2367
f 588/2367 587/2365 596/2366
f 596/2366 587/2365 594/2355
f 594/2355 587/2365 585/2359
f 587/2365 588/2367 586/2364
f 586/2364 588/2367 485/2335
f 485/2335 588/2367 600/2368
f 600/2368 589/2337 485/2335
f 590/2340 589/2337 600/2368
f 589/2337 590/2340 481/2339
f 481/2339 591/2338 589/2337
f 589/2337 591/2338 486/2336
f 591/2338 481/2339 480/2350
f 481/2339 590/2340 494/2341
f 494/2341 482/2348 481/2339
f 491/2342 494/2341 590/2340
f 600/2368 599/2369 590/2340
f 597/2351 598/2370 596/2366
f 590/2340 599/2369 491/2342
f 494/2341 491/2342 490/2343
f 490/2343 493/2345 494/2341
f 489/2346 494/2341 493/2345
f 487/2344 492/2371 488/2347
f 489/2346 482/2348 494/2341
f 481/2339 482/2348 479/2349
f 479/2349 480/2350 481/2339
f 598/2370 597/2351 488/2347
f 480/2350 592/2352 591/2338
f 596/2366 595/2353 597/2351
f 591/2338 592/2352 593/2354
f 594/2355 595/2353 596/2366
f 593/2354 486/2336 591/2338
f 486/2336 485/2335 589/2337
f 485/2335 484/2334 586/2364
f 578/2318 575/2363 483/2332
f 576/2362 575/2363 578/2318
f 586/2364 585/2359 587/2365
f 585/2359 584/2358 594/2355
f 475/2356 584/2358 583/2361
f 476/2357 583/2361 582/2325
f 575/2363 576/2362 577/2360
f 606/2323 580/2324 607/2319
f 580/2324 606/2323 605/2331
f 620/2306 605/2331 606/2323
f 582/2325 477/2326 476/2357
f 477/2326 478/2328 474/2333
f 483/2332 478/2328 601/2329
f 601/2329 579/2316 483/2332
f 601/2329 604/2330 603/2314
f 605/2331 581/2327 580/2324
f 622/2312 603/2314 604/2330
f 610/2315 611/2313 612/2295
f 603/2314 579/2316 601/2329
f 483/2332 579/2316 578/2318
f 578/2318 607/2319 576/2362
f 607/2319 608/2320 606/2323
f 619/2305 606/2323 608/2320
f 612/2295 609/2317 610/2315
f 608/2320 618/2321 619/2305
f 629/2297 630/2303 617/2322
f 606/2323 619/2305 620/2306
f 543/2253 638/2307 637/2304
f 605/2331 620/2306 621/2308
f 640/2309 624/2310 621/2308
f 623/2311 624/2310 632/2259
f 632/2259 631/2260 623/2311
f 627/2261 633/2258 634/2300
f 631/2260 625/2262 614/2372
f 546/2268 614/2372 625/2262
f 614/2372 546/2268 549/2291
f 626/2263 627/2261 628/2298
f 555/2265 626/2263 615/2294
f 557/2267 556/2266 563/2301
f 625/2262 554/2264 546/2268
f 546/2268 547/2269 548/2289
f 548/2289 547/2269 550/2270
f 563/2301 558/2271 557/2267
f 558/2271 563/2301 564/2277
f 564/2277 563/2301 562/2288
f 550/2270 559/2273 560/2286
f 560/2286 559/2273 567/2274
f 567/2274 566/2275 568/2283
f 568/2283 569/2284 567/2274
f 570/2285 567/2274 569/2284
f 569/2284 571/2281 570/2285
f 569/2284 602/2282 571/2281
f 571/2281 602/2282 573/2280
f 571/2281 573/2280 572/2279
f 568/2283 573/2280 602/2282
f 568/2283 602/2282 569/2284
f 573/2280 568/2283 566/2275
f 566/2275 574/2276 573/2280
f 564/2277 565/2272 558/2271
f 573/2280 574/2276 572/2279
f 572/2279 570/2285 571/2281
f 567/2274 570/2285 560/2286
f 560/2286 551/2287 550/2270
f 562/2288 561/2278 564/2277
f 550/2270 551/2287 548/2289
f 552/2290 562/2288 563/2301
f 548/2289 549/2291 546/2268
f 555/2265 553/2292 552/2290
f 549/2291 613/2293 614/2372
f 615/2294 553/2292 555/2265
f 613/2293 612/2295 611/2313
f 616/2296 617/2322 612/2295
f 617/2322 616/2296 629/2297
f 628/2298 615/2294 626/2263
f 630/2303 629/2297 635/2299
f 634/2300 628/2298 627/2261
f 635/2299 538/2250 636/2302
f 539/2257 634/2300 633/2258
f 537/2247 536/2249 531/2248
f 531/2248 535/2245 537/2247
f 537/2247 535/2245 534/2246
f 528/2244 534/2246 535/2245
f 534/2246 528/2244 526/2243
f 535/2245 531/2248 523/2233
f 523/2233 531/2248 532/2241
f 636/2302 538/2250 545/2251
f 534/2246 544/2252 537/2247
f 544/2252 534/2246 533/2242
f 637/2304 545/2251 543/2253
f 638/2307 543/2253 541/2255
f 539/2257 541/2255 540/2256
f 540/2256 532/2241 531/2248
f 533/2242 542/2254 544/2252
f 526/2243 533/2242 534/2246
f 532/2241 524/2240 523/2233
f 523/2233 530/2234 535/2245
f 529/2235 522/2232 639/2227
f 639/2227 519/2236 529/2235
f 535/2245 530/2234 528/2244
f 526/2243 528/2244 527/2238
f 527/2238 525/2239 526/2243
f 1976/2225 521/2226 525/2239
f 639/2227 522/2232 521/2226
f 1972/2224 2140/2219 1973/2228
f 1973/2228 2140/2219 1969/2230
f 519/2236 639/2227 1974/2229
f 1969/2230 1966/2210 520/2213
f 1965/2211 520/2213 1966/2210
f 529/2235 519/2236 517/2237
f 516/2223 517/2237 518/2214
f 1962/2215 1963/2222 518/2214
f 1962/2215 2142/2216 2141/2218
f 2142/2216 2143/2208 2137/2191
f 1957/2205 2137/2191 2143/2208
f 1964/2212 520/2213 1965/2211
f 1965/2211 1966/2210 1967/2209
f 1967/2209 1966/2210 1959/2206
f 1957/2205 2143/2208 1968/2207
f 1957/2205 1958/2204 2137/2191
f 1947/2189 2130/2188 1948/2190
f 1947/2189 2131/2187 2130/2188
f 2130/2188 2131/2187 2127/2173
f 2127/2173 2131/2187 2123/2186
f 1943/2184 2123/2186 2131/2187
f 1943/2184 2131/2187 1952/2203
f 1951/2202 1952/2203 2131/2187
f 1951/2202 515/2181 1952/2203
f 1951/2202 1950/2201 515/2181
f 1947/2189 1950/2201 1951/2202
f 1947/2189 1951/2202 2131/2187
f 2137/2191 2136/2192 2142/2216
f 2127/2173 2129/2193 2130/2188
f 2136/2192 2135/2194 2139/2217
f 2128/2195 2129/2193 2127/2173
f 2139/2217 2135/2194 2134/2196
f 1960/2375 2134/2196 2133/2197
f 1954/2199 1961/2376 2133/2197
f 1954/2199 1949/2200 1959/2206
f 1947/2189 1949/2200 1950/2201
f 1953/2198 2132/2175 1955/2177
f 1946/2179 1950/2201 1956/2178
f 1946/2179 515/2181 1950/2201
f 1943/2184 1952/2203 515/2181
f 1943/2184 1944/2185 2123/2186
f 512/2183 1939/2377 2120/2171
f 1938/2379 2120/2171 1939/2377
f 1938/2379 1939/2377 511/2378
f 1938/2379 511/2378 642/2157
f 642/2157 511/2378 510/2380
f 510/2380 511/2378 512/2183
f 1938/2379 2121/2161 2120/2171
f 2118/2169 2120/2171 2121/2161
f 1938/2379 1981/2158 2121/2161
f 512/2183 511/2378 1939/2377
f 2123/2186 2122/2172 2127/2173
f 2127/2173 2126/2174 2128/2195
f 2128/2195 2126/2174 2132/2175
f 1955/2177 2132/2175 2124/2176
f 1945/2180 2124/2176 2117/2168
f 2120/2171 2118/2169 2125/2170
f 1945/2180 2117/2168 1941/2382
f 1945/2180 1941/2382 513/2182
f 1940/2167 1942/2166 514/2165
f 1980/2164 514/2165 1942/2166
f 512/2183 513/2182 510/2380
f 510/2380 645/2381 642/2157
f 1938/2379 642/2157 1981/2158
f 1981/2158 1978/2159 2121/2161
f 2121/2161 2119/2162 2118/2169
f 1980/2164 1942/2166 2119/2162
f 1980/2164 644/2151 514/2165
f 1977/2160 643/2152 1979/2163
f 508/2153 643/2152 641/2155
f 644/2151 507/2149 506/2150
f 646/2028 495/2033 499/2029
f 506/2150 498/2032 497/2034
f 496/2035 495/2033 646/2028
f 497/2034 504/2036 509/2154
f 503/2037 496/2035 647/2148
f 504/2036 502/2038 508/2153
f 500/2031 502/2038 501/2030
f 501/2030 649/2039 650/2027
f 647/2148 648/2040 503/2037
f 649/2039 1908/2041 1907/2025
f 1909/2042 648/2040 647/2148
f 1908/2041 1913/2043 1912/2023
f 1923/2044 1909/2042 1910/2147
f 1913/2043 1915/2045 1914/2022
f 1924/2014 1923/2044 1922/2015
f 1915/2045 1346/2046 1344/2077
f 1351/2011 1348/2047 1924/2014
f 1346/2046 1347/2048 1345/2076
f 1350/2010 1349/2049 1348/2047
f 1347/2048 1355/2050 1356/2075
f 1363/2078 1356/2075 1355/2050
f 1356/2075 1363/2078 1362/2079
f 1362/2079 1357/2074 1356/2075
f 1357/2074 1362/2079 1361/2070
f 1362/2079 1363/2078 1368/2080
f 1362/2079 1368/2080 1367/2068
f 1368/2080 1363/2078 1364/2052
f 1354/2051 1349/2049 1350/2010
f 1355/2050 1364/2052 1363/2078
f 1365/2053 1354/2051 1352/2144
f 1352/2144 1360/2071 1365/2053
f 1364/2052 1369/2054 1368/2080
f 1372/2081 1368/2080 1369/2054
f 1368/2080 1372/2081 1373/2067
f 1382/2082 1373/2067 1372/2081
f 1372/2081 1381/2106 1382/2082
f 1407/2105 1382/2082 1381/2106
f 1381/2106 1406/2104 1407/2105
f 1412/2103 1407/2105 1406/2104
f 1406/2104 1411/2102 1412/2103
f 1420/2101 1412/2103 1411/2102
f 1411/2102 1417/2100 1420/2101
f 1419/2099 1420/2101 1417/2100
f 1417/2100 1416/2097 1419/2099
f 1418/2098 1419/2099 1416/2097
f 1415/2096 1418/2098 1416/2097
f 1416/2097 1414/2095 1415/2096
f 1410/2094 1415/2096 1414/2095
f 1414/2095 1408/2093 1410/2094
f 1409/2090 1410/2094 1408/2093
f 1408/2093 1380/2092 1409/2090
f 2084/2091 1409/2090 1380/2092
f 2084/2091 1380/2092 1377/2115
f 2084/2091 1377/2115 1383/2114
f 2086/2112 2084/2091 1383/2114
f 2086/2112 1383/2114 1385/2113
f 2086/2112 1385/2113 2089/2111
f 2185/2061 2086/2112 2089/2111
f 2185/2061 2089/2111 2088/2110
f 2089/2111 1384/2109 2088/2110
f 2087/2060 2088/2110 1384/2109
f 2087/2060 1384/2109 1371/2056
f 1384/2109 1374/2108 1371/2056
f 1371/2056 1374/2108 1375/2107
f 1375/2107 1372/2081 1371/2056
f 1372/2081 1375/2107 1380/2092
f 1378/2117 1375/2107 1374/2108
f 1374/2108 1379/2118 1378/2117
f 1388/2120 1378/2117 1379/2118
f 1379/2118 1389/2119 1388/2120
f 1395/2134 1388/2120 1389/2119
f 1389/2119 1394/2133 1395/2134
f 1396/2129 1395/2134 1394/2133
f 1394/2133 1400/2132 1396/2129
f 1396/2129 1400/2132 1401/2131
f 1401/2131 1402/2130 1396/2129
f 1396/2129 1402/2130 1403/2128
f 1403/2128 1397/2126 1396/2129
f 1397/2126 1403/2128 1404/2127
f 1404/2127 1398/2125 1397/2126
f 1392/2124 1397/2126 1398/2125
f 1398/2125 1391/2123 1392/2124
f 1386/2121 1392/2124 1391/2123
f 1391/2123 1387/2122 1386/2121
f 1376/2116 1386/2121 1387/2122
f 1387/2122 1383/2114 1376/2116
f 1383/2114 1387/2122 1390/2135
f 1393/2136 1390/2135 1387/2122
f 1390/2135 1393/2136 1394/2133
f 1386/2121 1376/2116 1378/2117
f 1387/2122 1391/2123 1393/2136
f 1399/2137 1393/2136 1391/2123
f 1393/2136 1399/2137 1400/2132
f 1392/2124 1386/2121 1388/2120
f 1391/2123 1398/2125 1399/2137
f 1397/2126 1392/2124 1395/2134
f 1399/2137 1398/2125 1404/2127
f 1404/2127 1405/2138 1399/2137
f 1399/2137 1405/2138 1401/2131
f 1401/2131 1405/2138 1404/2127
f 1404/2127 1403/2128 1401/2131
f 1402/2130 1401/2131 1403/2128
f 1401/2131 1400/2132 1399/2137
f 1400/2132 1394/2133 1393/2136
f 1395/2134 1396/2129 1397/2126
f 1394/2133 1389/2119 1390/2135
f 1385/2113 1390/2135 1389/2119
f 1388/2120 1395/2134 1392/2124
f 1389/2119 1379/2118 1385/2113
f 1384/2109 1385/2113 1379/2118
f 1378/2117 1388/2120 1386/2121
f 1375/2107 1378/2117 1376/2116
f 1376/2116 1377/2115 1375/2107
f 1379/2118 1374/2108 1384/2109
f 2089/2111 1385/2113 1384/2109
f 1390/2135 1385/2113 1383/2114
f 2084/2091 2086/2112 2185/2061
f 1377/2115 1376/2116 1383/2114
f 1375/2107 1377/2115 1380/2092
f 2084/2091 2085/2089 1409/2090
f 2090/2088 1409/2090 2085/2089
f 2186/2085 2090/2088 2085/2089
f 2315/2087 2090/2088 2186/2085
f 2186/2085 2092/2086 2315/2087
f 2315/2087 2092/2086 2093/2139
f 2315/2087 2093/2139 2094/2140
f 2315/2087 2094/2140 2095/2142
f 2315/2087 2095/2142 2091/2143
f 2095/2142 1410/2094 2091/2143
f 2090/2088 2091/2143 1410/2094
f 2094/2140 1415/2096 2095/2142
f 2094/2140 1413/2141 1415/2096
f 2093/2139 1413/2141 2094/2140
f 2093/2139 1407/2105 1413/2141
f 2092/2086 1407/2105 2093/2139
f 2082/2084 2092/2086 2186/2085
f 2186/2085 2081/2083 2082/2084
f 2081/2083 1382/2082 2082/2084
f 2184/2063 2081/2083 2186/2085
f 2186/2085 2084/2091 2184/2063
f 2092/2086 2082/2084 1382/2082
f 2091/2143 2090/2088 2315/2087
f 2085/2089 2084/2091 2186/2085
f 1380/2092 1408/2093 1406/2104
f 2090/2088 1410/2094 1409/2090
f 1408/2093 1414/2095 1411/2102
f 2095/2142 1415/2096 1410/2094
f 1418/2098 1415/2096 1413/2141
f 1413/2141 1419/2099 1418/2098
f 1419/2099 1413/2141 1412/2103
f 1414/2095 1416/2097 1417/2100
f 1417/2100 1411/2102 1414/2095
f 1412/2103 1420/2101 1419/2099
f 1411/2102 1406/2104 1408/2093
f 1407/2105 1412/2103 1413/2141
f 1406/2104 1381/2106 1380/2092
f 2092/2086 1382/2082 1407/2105
f 1380/2092 1381/2106 1372/2081
f 2081/2083 1373/2067 1382/2082
f 2081/2083 2083/2064 1373/2067
f 1370/2055 1365/2053 1360/2071
f 1369/2054 1371/2056 1372/2081
f 2087/2060 1371/2056 2080/2057
f 2088/2110 2087/2060 2185/2061
f 2184/2063 2084/2091 2185/2061
f 2083/2064 2081/2083 2184/2063
f 2187/2059 2076/2066 2183/2062
f 2083/2064 2077/2065 1373/2067
f 1373/2067 1367/2068 1368/2080
f 2076/2066 2078/2145 1366/2069
f 1367/2068 1361/2070 1362/2079
f 1360/2071 1366/2069 1370/2055
f 1360/2071 1352/2144 1353/2073
f 1361/2070 1359/2072 1357/2074
f 1356/2075 1357/2074 1343/13
f 1343/13 1335/14 1336/15
f 1341/17 1358/16 1353/2073
f 1325/19 1341/17 1340/2008
f 1335/14 1334/18 1332/21
f 1337/2019 1332/21 1330/23
f 1934/44 1329/24 1331/22
f 1338/2012 1330/23 1328/25
f 1327/26 1329/24 1934/44
f 1934/44 1935/51 1327/26
f 2071/47 1935/51 1934/44
f 1339/2009 1328/25 1326/27
f 1323/28 1327/26 1935/51
f 1340/2008 1326/27 1325/19
f 1325/19 1324/29 1333/20
f 1331/22 1333/20 1318/31
f 1318/31 1317/43 1331/22
f 1316/37 1317/43 1318/31
f 1318/31 1319/32 1316/37
f 2064/36 2169/82 2068/38
f 2068/38 2169/82 2182/40
f 2075/41 1316/37 2069/39
f 2075/41 1317/43 1316/37
f 1331/22 1317/43 1934/44
f 2073/42 2182/40 2181/46
f 2167/83 2181/46 2182/40
f 2181/46 2167/83 2166/56
f 2071/47 1934/44 2074/45
f 2071/47 2072/49 1935/51
f 1935/51 1322/52 1323/28
f 1321/33 1320/30 1322/52
f 2066/54 2065/2007 1321/33
f 2066/54 2173/55 2175/76
f 2173/55 2174/71 2175/76
f 2067/53 2070/50 2180/48
f 2166/56 2180/48 2181/46
f 2176/57 2165/58 2177/62
f 2275/61 2304/86 2239/64
f 2239/64 2304/86 2240/1004
f 2239/64 2240/1004 2238/1002
f 2239/64 2238/1002 2237/1003
f 2236/806 2237/1003 2238/1002
f 2236/806 2238/1002 2231/811
f 2301/809 2236/806 2306/810
f 2236/806 2301/809 2299/808
f 2236/806 2299/808 2297/807
f 2236/806 2297/807 2191/804
f 2192/805 2236/806 2191/804
f 2191/804 2148/69 2192/805
f 2191/804 2145/803 2148/69
f 2147/793 2148/69 2145/803
f 2145/803 2146/815 2147/793
f 2191/804 2297/807 2145/803
f 2299/808 2145/803 2297/807
f 2299/808 2150/813 2145/803
f 2153/814 2145/803 2150/813
f 2299/808 2301/809 2150/813
f 2300/812 2150/813 2301/809
f 2301/809 2231/811 2300/812
f 2300/812 2231/811 2229/828
f 2300/812 2229/828 2303/827
f 2300/812 2303/827 2151/823
f 2302/826 2151/823 2303/827
f 2302/826 2190/825 2151/823
f 2190/825 2189/824 2151/823
f 2151/823 2189/824 2152/822
f 2150/813 2151/823 2152/822
f 2233/831 2189/824 2190/825
f 2233/831 2190/825 2235/829
f 2235/829 2230/830 2233/831
f 2230/830 2232/832 2233/831
f 2232/832 2230/830 2308/844
f 2232/832 2308/844 2305/843
f 2232/832 2305/843 2234/833
f 2228/842 2234/833 2305/843
f 2228/842 2225/841 2234/833
f 2008/838 2234/833 2225/841
f 2008/838 2225/841 2100/840
f 2004/864 2100/840 2225/841
f 2004/864 2225/841 2227/855
f 2004/864 2227/855 2003/863
f 2004/864 2003/863 1190/865
f 2004/864 1190/865 1198/839
f 2002/862 1190/865 2003/863
f 2002/862 1187/866 1190/865
f 1189/870 1190/865 1187/866
f 1187/866 1188/869 1189/870
f 1192/877 1189/870 1188/869
f 1188/869 1191/879 1192/877
f 1193/878 1192/877 1191/879
f 2005/899 1193/878 1191/879
f 2005/899 1191/879 2006/898
f 2005/899 2006/898 2231/811
f 2005/899 2231/811 2007/900
f 2006/898 1191/879 1185/896
f 2006/898 1185/896 2105/1001
f 1998/902 2215/901 2006/898
f 2230/830 2006/898 2215/901
f 2229/828 2006/898 2230/830
f 1998/902 1997/903 2215/901
f 1996/904 2215/901 1997/903
f 1996/904 1997/903 1184/895
f 1996/904 1184/895 1937/907
f 1996/904 1937/907 2106/906
f 1996/904 2106/906 2213/905
f 1995/920 2213/905 2106/906
f 1995/920 2209/919 2213/905
f 2211/848 2213/905 2209/919
f 2211/848 2209/919 2310/851
f 2307/850 2211/848 2310/851
f 2210/852 2307/850 2310/851
f 2206/853 2307/850 2210/852
f 2206/853 2210/852 2209/919
f 2206/853 2209/919 2207/918
f 2206/853 2207/918 2208/921
f 2221/858 2206/853 2208/921
f 2255/924 2221/858 2208/921
f 2108/923 2255/924 2208/921
f 2108/923 2208/921 2109/922
f 2108/923 2109/922 1222/926
f 2039/925 2108/923 1222/926
f 2039/925 1222/926 1221/939
f 2039/925 1221/939 2040/951
f 2039/925 2040/951 2256/948
f 2039/925 2256/948 2255/924
f 2255/924 2256/948 2257/950
f 2258/949 2257/950 2256/948
f 2111/946 2258/949 2256/948
f 2111/946 2256/948 2041/947
f 2111/946 2041/947 1225/941
f 2110/945 2111/946 1225/941
f 2330/944 2110/945 1225/941
f 2330/944 1225/941 2329/943
f 2319/932 2330/944 2329/943
f 2324/942 2319/932 2329/943
f 2323/940 2319/932 2324/942
f 2323/940 2324/942 1225/941
f 2323/940 1225/941 1221/939
f 2323/940 1221/939 2318/938
f 2317/937 2323/940 2318/938
f 2318/938 1224/933 2317/937
f 2316/936 2317/937 1224/933
f 2322/935 2316/936 1224/933
f 2321/934 2322/935 1224/933
f 2319/932 2321/934 1224/933
f 2319/932 1224/933 1223/928
f 2319/932 1223/928 2320/931
f 2320/931 1223/928 2038/930
f 2320/931 2038/930 2327/1000
f 2340/954 2320/931 2327/1000
f 2340/954 2327/1000 2328/999
f 2326/998 2340/954 2328/999
f 2326/998 2328/999 2037/996
f 2325/997 2326/998 2037/996
f 2369/960 2325/997 2037/996
f 2369/960 2037/996 2160/915
f 2369/960 2160/915 2339/962
f 2339/962 2352/961 2369/960
f 2369/960 2352/961 2349/959
f 2346/958 2369/960 2349/959
f 2346/958 2349/959 2218/859
f 2346/958 2218/859 2221/858
f 2346/958 2221/858 2347/957
f 2348/956 2347/957 2221/858
f 2348/956 2221/858 2259/952
f 2348/956 2259/952 2341/955
f 2326/998 2348/956 2341/955
f 2340/954 2341/955 2259/952
f 2370/953 2340/954 2259/952
f 2370/953 2259/952 2110/945
f 2110/945 2259/952 2258/949
f 2259/952 2221/858 2258/949
f 2326/998 2347/957 2348/956
f 2218/859 2220/856 2221/858
f 2222/857 2221/858 2220/856
f 2223/854 2222/857 2220/856
f 2223/854 2220/856 2227/855
f 2223/854 2227/855 2307/850
f 2224/849 2307/850 2227/855
f 2002/862 2227/855 2220/856
f 2002/862 2220/856 2104/861
f 2104/861 2220/856 2217/860
f 2104/861 2217/860 2103/867
f 2104/861 2103/867 1187/866
f 2102/868 1187/866 2103/867
f 2102/868 2103/867 2217/860
f 2001/881 2102/868 2217/860
f 2001/881 2217/860 2219/883
f 2001/881 2219/883 2000/882
f 2001/881 2000/882 1186/880
f 2001/881 1186/880 1188/869
f 1999/897 1186/880 2000/882
f 1999/897 1183/893 1186/880
f 1185/896 1186/880 1183/893
f 1183/893 1184/895 1185/896
f 1998/902 1185/896 1184/895
f 1184/895 1183/893 1936/894
f 1992/891 1936/894 1183/893
f 1992/891 1183/893 2107/892
f 1992/891 2107/892 2203/887
f 1992/891 2203/887 2188/890
f 1992/891 2188/890 1990/911
f 1990/911 2188/890 2157/912
f 1990/911 2157/912 1991/910
f 1990/911 1991/910 1936/894
f 1991/910 1994/909 1936/894
f 1993/908 1936/894 1994/909
f 1993/908 1994/909 2207/918
f 1993/908 1937/907 1936/894
f 1993/908 1995/920 1937/907
f 1991/910 2207/918 1994/909
f 1991/910 2157/912 2207/918
f 2033/917 2207/918 2157/912
f 2033/917 2157/912 2035/916
f 2033/917 2035/916 1223/928
f 2033/917 1223/928 1222/926
f 2033/917 1222/926 2034/927
f 2035/916 2036/929 1223/928
f 2035/916 2160/915 2036/929
f 2038/930 2036/929 2160/915
f 2035/916 2157/912 2160/915
f 2160/915 2157/912 2159/914
f 2157/912 2158/913 2159/914
f 2331/984 2159/914 2158/913
f 2331/984 2158/913 2332/986
f 2332/986 2355/985 2331/984
f 2331/984 2355/985 2356/983
f 2331/984 2356/983 2338/982
f 2338/982 2356/983 2357/979
f 2338/982 2357/979 2337/981
f 2338/982 2337/981 2159/914
f 2337/981 2336/980 2159/914
f 2336/980 2334/975 2159/914
f 2334/975 2335/967 2159/914
f 2339/962 2159/914 2335/967
f 2335/967 2367/966 2339/962
f 2339/962 2367/966 2368/965
f 2351/964 2339/962 2368/965
f 2368/965 2216/884 2351/964
f 2350/963 2351/964 2216/884
f 2350/963 2216/884 2218/859
f 2350/963 2218/859 2352/961
f 2216/884 2217/860 2218/859
f 2368/965 2309/885 2216/884
f 2216/884 2309/885 2219/883
f 2205/886 2219/883 2309/885
f 2365/968 2205/886 2309/885
f 2365/968 2309/885 2367/966
f 2365/968 2366/969 2205/886
f 2366/969 2364/970 2205/886
f 2363/971 2205/886 2364/970
f 2364/970 2335/967 2363/971
f 2363/971 2335/967 2362/972
f 2363/971 2362/972 2204/888
f 2361/973 2204/888 2362/972
f 2361/973 2202/889 2204/888
f 2202/889 2203/887 2204/888
f 2205/886 2204/888 2203/887
f 2361/973 2360/974 2202/889
f 2359/977 2202/889 2360/974
f 2358/976 2359/977 2360/974
f 2360/974 2334/975 2358/976
f 2334/975 2357/979 2358/976
f 2357/979 2260/978 2358/976
f 2357/979 2261/989 2260/978
f 2260/978 2261/989 2188/890
f 2202/889 2260/978 2188/890
f 2262/988 2188/890 2261/989
f 2355/985 2262/988 2261/989
f 2355/985 2354/987 2262/988
f 2354/987 2353/990 2262/988
f 2353/990 2345/992 2262/988
f 2342/995 2262/988 2345/992
f 2345/992 2343/994 2342/995
f 2342/995 2343/994 2158/913
f 2343/994 2344/993 2158/913
f 2344/993 2333/991 2158/913
f 2345/992 2333/991 2344/993
f 2345/992 2344/993 2343/994
f 2342/995 2158/913 2262/988
f 2333/991 2345/992 2353/990
f 2333/991 2353/990 2332/986
f 2332/986 2353/990 2354/987
f 2262/988 2158/913 2188/890
f 2359/977 2260/978 2202/889
f 2361/973 2334/975 2360/974
f 2335/967 2361/973 2362/972
f 2363/971 2204/888 2205/886
f 2366/969 2335/967 2364/970
f 2365/968 2335/967 2366/969
f 2205/886 2203/887 2219/883
f 1999/897 2219/883 2203/887
f 2350/963 2339/962 2351/964
f 2368/965 2367/966 2309/885
f 2367/966 2335/967 2365/968
f 2334/975 2361/973 2335/967
f 2357/979 2334/975 2336/980
f 2357/979 2336/980 2337/981
f 2357/979 2356/983 2261/989
f 2355/985 2261/989 2356/983
f 2355/985 2332/986 2354/987
f 2333/991 2332/986 2158/913
f 2331/984 2338/982 2159/914
f 2033/917 2034/927 2207/918
f 2109/922 2207/918 2034/927
f 2188/890 2158/913 2157/912
f 2202/889 2188/890 2203/887
f 1999/897 2203/887 2107/892
f 1992/891 1990/911 1936/894
f 1999/897 2107/892 1183/893
f 1999/897 2000/882 2219/883
f 2216/884 2219/883 2217/860
f 2001/881 1188/869 2102/868
f 2206/853 2222/857 2223/854
f 2218/859 2217/860 2220/856
f 2347/957 2369/960 2346/958
f 2349/959 2352/961 2218/859
f 2352/961 2339/962 2350/963
f 2339/962 2160/915 2159/914
f 2037/996 2038/930 2160/915
f 2369/960 2347/957 2325/997
f 2347/957 2326/998 2325/997
f 2340/954 2326/998 2341/955
f 2327/1000 2037/996 2328/999
f 2320/931 2340/954 2370/953
f 2330/944 2320/931 2370/953
f 2327/1000 2038/930 2037/996
f 2038/930 1223/928 2036/929
f 1223/928 1224/933 1221/939
f 2323/940 2322/935 2321/934
f 2323/940 2316/936 2322/935
f 2323/940 2317/937 2316/936
f 2318/938 1221/939 1224/933
f 2319/932 2323/940 2321/934
f 2320/931 2330/944 2319/932
f 2324/942 2329/943 1225/941
f 2370/953 2110/945 2330/944
f 2040/951 1225/941 2041/947
f 2110/945 2258/949 2111/946
f 2258/949 2221/858 2257/950
f 2040/951 2041/947 2256/948
f 2040/951 1221/939 1225/941
f 1221/939 1222/926 1223/928
f 2109/922 2034/927 1222/926
f 2039/925 2255/924 2108/923
f 2257/950 2221/858 2255/924
f 2206/853 2221/858 2222/857
f 2109/922 2208/921 2207/918
f 1993/908 2207/918 2209/919
f 2307/850 2206/853 2223/854
f 2211/848 2307/850 2224/849
f 2226/846 2211/848 2224/849
f 2224/849 2225/841 2226/846
f 2211/848 2226/846 2212/847
f 2226/846 2214/845 2212/847
f 2214/845 2213/905 2212/847
f 2214/845 2215/901 2213/905
f 2214/845 2308/844 2215/901
f 2228/842 2308/844 2214/845
f 2228/842 2214/845 2226/846
f 2210/852 2310/851 2209/919
f 2211/848 2212/847 2213/905
f 1993/908 2209/919 1995/920
f 1995/920 2106/906 1937/907
f 1936/894 1937/907 1184/895
f 1996/904 2213/905 2215/901
f 1998/902 1184/895 1997/903
f 1998/902 2105/1001 1185/896
f 1186/880 1185/896 1191/879
f 2005/899 2007/900 1193/878
f 2007/900 2101/2006 1193/878
f 2011/2005 1193/878 2101/2006
f 2011/2005 2101/2006 2238/1002
f 2011/2005 1200/876 1193/878
f 2007/900 2238/1002 2101/2006
f 1192/877 1193/878 1200/876
f 1191/879 1188/869 1186/880
f 1189/870 1192/877 1195/872
f 2102/868 1188/869 1187/866
f 1190/865 1189/870 1194/871
f 2002/862 2104/861 1187/866
f 2002/862 2003/863 2227/855
f 2224/849 2227/855 2225/841
f 2004/864 1198/839 2100/840
f 2228/842 2226/846 2225/841
f 2308/844 2228/842 2305/843
f 2230/830 2215/901 2308/844
f 2235/829 2229/828 2230/830
f 2229/828 2235/829 2302/826
f 2232/832 2189/824 2233/831
f 2302/826 2235/829 2190/825
f 2229/828 2302/826 2303/827
f 2229/828 2231/811 2006/898
f 2300/812 2151/823 2150/813
f 2231/811 2301/809 2306/810
f 2007/900 2231/811 2238/1002
f 2192/805 2237/1003 2236/806
f 2193/67 2237/1003 2192/805
f 2011/2005 2238/1002 2240/1004
f 2295/65 2177/62 2276/63
f 2295/65 2178/68 2177/62
f 2193/67 2239/64 2237/1003
f 2295/65 2201/66 2178/68
f 2193/67 2192/805 2148/69
f 2177/62 2178/68 2176/57
f 2173/55 2176/57 2174/71
f 2056/73 2175/76 2174/71
f 2062/34 2175/76 2172/77
f 2172/77 2170/80 2169/82
f 2182/40 2169/82 2167/83
f 2166/56 2167/83 2164/59
f 2290/60 2164/59 2288/84
f 2304/86 2290/60 2288/84
f 2241/87 2240/1004 2304/86
f 2274/1017 2273/89 2163/90
f 2289/85 2161/91 2272/88
f 2161/91 2179/798 2162/92
f 2050/801 2162/92 2179/798
f 2277/93 2274/1017 2163/90
f 2242/1016 2277/93 2278/94
f 2286/97 2296/1015 2280/96
f 2244/1010 2296/1015 2246/1013
f 2241/87 2242/1016 2243/1005
f 2244/1010 2294/1011 2245/167
f 2014/1009 1201/875 2099/1008
f 2014/1009 1203/169 1201/875
f 2241/87 2243/1005 2240/1004
f 2011/2005 2240/1004 2012/1007
f 2011/2005 2012/1007 1200/876
f 2013/1006 2099/1008 1201/875
f 1200/876 1195/872 1192/877
f 1196/873 1201/875 1203/169
f 1195/872 1194/871 1189/870
f 1197/874 1196/873 1202/171
f 1194/871 1198/839 1190/865
f 1199/836 1197/874 1206/173
f 2008/838 2100/840 1198/839
f 2008/838 2009/837 2234/833
f 2232/832 2234/833 2189/824
f 2010/834 1199/836 1208/175
f 2098/821 2189/824 2097/835
f 2098/821 2152/822 2189/824
f 2152/822 2153/814 2150/813
f 2145/803 2153/814 2146/815
f 1984/792 2146/815 1983/818
f 2019/816 1177/177 1982/817
f 1984/792 1983/818 1180/789
f 1984/792 2147/793 2146/815
f 2148/69 2147/793 2149/70
f 2058/72 2149/70 2059/795
f 2058/72 2059/795 2057/74
f 1988/791 1181/790 1989/794
f 2096/78 2055/75 2057/74
f 2096/78 2061/796 2171/79
f 2168/81 2171/79 2179/798
f 2060/797 1181/790 1182/800
f 2050/801 2179/798 2051/799
f 2053/802 2162/92 2050/801
f 2052/101 2279/95 2053/802
f 2052/101 2284/100 2279/95
f 2285/1024 2284/100 2200/103
f 2054/102 1182/800 1179/105
f 1986/106 2200/103 1987/104
f 1986/106 2198/108 2200/103
f 2196/1020 2198/108 2155/109
f 1985/107 1178/178 2020/110
f 2020/110 1210/179 2021/111
f 2028/118 2155/109 2023/113
f 2021/111 1213/115 2022/112
f 2028/118 2023/113 1217/114
f 2028/118 2156/119 2155/109
f 2247/1012 2156/119 2248/120
f 2029/117 1216/116 2030/121
f 2030/121 1216/116 1232/125
f 1216/116 1231/788 1232/125
f 1231/788 1216/116 1218/182
f 2046/1031 2248/120 2048/123
f 2046/1031 2048/123 1237/124
f 2030/121 1232/125 2049/122
f 1237/124 1238/126 1236/1051
f 1246/127 1232/125 1231/788
f 1231/788 1245/188 1246/127
f 1245/188 1231/788 1227/184
f 1238/126 1313/128 1236/1051
f 1312/129 1246/127 1245/188
f 1519/131 1312/129 1311/189
f 1313/128 1520/130 1521/134
f 1314/1055 1521/134 1517/136
f 1516/138 1526/137 1525/193
f 1525/193 1526/137 1529/285
f 1517/136 1315/139 1314/1055
f 1514/191 1515/140 1516/138
f 1249/141 1251/1057 1315/139
f 1247/143 1248/1058 1249/141
f 1258/145 1248/1058 1247/143
f 1261/2001 1258/145 1257/146
f 1257/146 1241/147 1239/1092
f 1241/147 1230/148 1240/1094
f 1228/149 1242/144 1243/142
f 2044/1099 1230/148 1229/150
f 2044/1099 1229/150 2043/153
f 2044/1099 2043/153 2265/154
f 2263/1041 2265/154 2253/155
f 2042/152 1220/151 2031/156
f 2031/156 1220/151 1215/158
f 1215/158 1220/151 1219/183
f 2026/159 2253/155 2032/157
f 2026/159 2027/161 2251/163
f 2254/1036 2251/163 2293/164
f 2024/162 1204/170 2025/165
f 2291/1028 2293/164 2245/167
f 2014/1009 2245/167 2015/168
f 2014/1009 2015/168 1203/169
f 2016/166 2025/165 1204/170
f 1203/169 1202/171 1196/873
f 1211/180 1205/172 1204/170
f 1202/171 1206/173 1197/874
f 1206/173 1208/175 1199/836
f 2017/820 1208/175 1209/176
f 2019/816 1209/176 1177/177
f 1177/177 1178/178 1179/105
f 2020/110 1178/178 1210/179
f 1205/172 1211/180 1207/174
f 2021/111 1210/179 1213/115
f 1212/181 1211/180 1214/160
f 1213/115 1218/182 1216/116
f 1215/158 1219/183 1212/181
f 1218/182 1227/184 1231/788
f 1226/185 1219/183 1220/151
f 1243/142 1226/185 1228/149
f 1243/142 1515/140 1310/187
f 1227/184 1244/186 1245/188
f 1245/188 1311/189 1312/129
f 1311/189 1518/190 1519/131
f 1310/187 1515/140 1514/191
f 1525/193 1514/191 1516/138
f 1518/190 1524/192 1522/196
f 1523/132 1522/196 1532/197
f 1532/197 1540/198 1538/279
f 1541/286 1539/199 1531/195
f 1540/198 1545/200 1544/277
f 1547/287 1546/201 1539/199
f 1545/200 1552/202 1553/275
f 1551/203 1546/201 1547/287
f 1552/202 1558/204 1559/273
f 1557/205 1551/203 1550/289
f 1558/204 1560/206 1565/271
f 1561/207 1557/205 1556/291
f 1560/206 1567/208 1568/269
f 1566/209 1561/207 1562/293
f 1567/208 1574/210 1572/267
f 1575/211 1566/209 1571/295
f 1574/210 1578/212 1583/265
f 1579/213 1575/211 1576/297
f 1578/212 1588/214 1589/263
f 1587/215 1579/213 1580/299
f 1588/214 1594/216 1595/262
f 1595/262 1594/216 1596/543
f 1593/217 1587/215 1586/301
f 1596/543 1594/216 1598/218
f 1629/544 1596/543 1598/218
f 1629/544 1598/218 1630/557
f 1629/544 1630/557 1632/242
f 1628/558 1630/557 1598/218
f 1628/558 1598/218 1627/561
f 1627/561 470/560 1628/558
f 469/559 1628/558 470/560
f 469/559 470/560 407/574
f 407/574 402/568 469/559
f 473/565 469/559 402/568
f 402/568 401/567 473/565
f 473/565 401/567 403/566
f 403/566 472/564 473/565
f 1639/236 473/565 472/564
f 472/564 1626/224 1639/236
f 1626/224 472/564 471/562
f 405/563 471/562 472/564
f 470/560 471/562 405/563
f 472/564 403/566 405/563
f 405/563 403/566 404/576
f 404/576 406/575 405/563
f 407/574 405/563 406/575
f 406/575 408/573 407/574
f 407/574 408/573 399/569
f 399/569 408/573 417/572
f 417/572 410/571 399/569
f 400/570 399/569 410/571
f 410/571 409/577 400/570
f 404/576 400/570 409/577
f 409/577 413/584 404/576
f 413/584 409/577 412/606
f 412/606 414/585 413/584
f 415/583 413/584 414/585
f 414/585 416/582 415/583
f 417/572 415/583 416/582
f 416/582 418/579 417/572
f 418/579 416/582 425/581
f 425/581 427/580 418/579
f 411/578 418/579 427/580
f 427/580 420/605 411/578
f 412/606 411/578 420/605
f 420/605 419/587 412/606
f 419/587 420/605 421/600
f 421/600 422/588 419/587
f 423/586 419/587 422/588
f 422/588 424/589 423/586
f 425/581 423/586 424/589
f 424/589 426/603 425/581
f 426/603 424/589 432/604
f 432/604 433/602 426/603
f 428/601 426/603 433/602
f 433/602 429/599 428/601
f 421/600 428/601 429/599
f 429/599 430/591 421/600
f 436/596 430/591 429/599
f 429/599 435/598 436/596
f 436/596 435/598 443/597
f 443/597 445/595 436/596
f 437/592 436/596 445/595
f 445/595 447/594 437/592
f 438/593 437/592 447/594
f 447/594 439/608 438/593
f 434/607 438/593 439/608
f 439/608 440/610 434/607
f 435/598 434/607 440/610
f 440/610 439/608 448/609
f 448/609 441/612 440/610
f 440/610 441/612 442/611
f 442/611 443/597 440/610
f 443/597 442/611 444/617
f 444/617 442/611 451/618
f 451/618 452/616 444/617
f 446/615 444/617 452/616
f 452/616 453/614 446/615
f 448/609 446/615 453/614
f 453/614 449/613 448/609
f 449/613 453/614 463/641
f 463/641 454/638 449/613
f 450/619 449/613 454/638
f 454/638 457/620 450/619
f 451/618 450/619 457/620
f 457/620 459/621 451/618
f 458/622 459/621 457/620
f 457/620 456/637 458/622
f 466/636 458/622 456/637
f 456/637 465/635 466/636
f 391/632 466/636 465/635
f 465/635 395/634 391/632
f 395/634 392/633 391/632
f 391/632 392/633 389/631
f 389/631 390/628 391/632
f 390/628 389/631 397/630
f 397/630 398/629 390/628
f 390/628 398/629 468/626
f 468/626 467/627 390/628
f 390/628 467/627 466/636
f 460/623 467/627 468/626
f 468/626 462/625 460/623
f 461/624 460/623 462/625
f 462/625 463/641 461/624
f 463/641 462/625 455/639
f 464/640 455/639 462/625
f 455/639 464/640 465/635
f 460/623 461/624 459/621
f 459/621 461/624 452/616
f 462/625 468/626 464/640
f 467/627 460/623 458/622
f 464/640 468/626 398/629
f 398/629 396/642 464/640
f 464/640 396/642 395/634
f 395/634 396/642 393/643
f 393/643 394/644 395/634
f 397/630 394/644 393/643
f 392/633 394/644 397/630
f 397/630 393/643 396/642
f 397/630 396/642 398/629
f 397/630 389/631 392/633
f 394/644 392/633 395/634
f 395/634 465/635 464/640
f 466/636 391/632 390/628
f 465/635 456/637 455/639
f 454/638 455/639 456/637
f 458/622 466/636 467/627
f 459/621 458/622 460/623
f 456/637 457/620 454/638
f 449/613 450/619 441/612
f 455/639 454/638 463/641
f 461/624 463/641 453/614
f 447/594 446/615 448/609
f 453/614 452/616 461/624
f 445/595 444/617 446/615
f 452/616 451/618 459/621
f 450/619 451/618 442/611
f 442/611 441/612 450/619
f 441/612 448/609 449/613
f 432/604 438/593 434/607
f 438/593 432/604 431/590
f 448/609 439/608 447/594
f 431/590 437/592 438/593
f 437/592 431/590 430/591
f 430/591 431/590 422/588
f 446/615 447/594 445/595
f 444/617 445/595 443/597
f 440/610 443/597 435/598
f 434/607 435/598 429/599
f 430/591 436/596 437/592
f 429/599 433/602 434/607
f 426/603 428/601 427/580
f 434/607 433/602 432/604
f 431/590 432/604 424/589
f 424/589 422/588 431/590
f 419/587 423/586 414/585
f 422/588 421/600 430/591
f 428/601 421/600 420/605
f 420/605 427/580 428/601
f 418/579 411/578 410/571
f 427/580 425/581 426/603
f 423/586 425/581 416/582
f 416/582 414/585 423/586
f 413/584 415/583 406/575
f 414/585 412/606 419/587
f 411/578 412/606 409/577
f 409/577 410/571 411/578
f 399/569 400/570 401/567
f 410/571 417/572 418/579
f 415/583 417/572 408/573
f 408/573 406/575 415/583
f 406/575 404/576 413/584
f 400/570 404/576 403/566
f 403/566 401/567 400/570
f 401/567 402/568 399/569
f 473/565 1634/239 469/559
f 399/569 402/568 407/574
f 405/563 407/574 470/560
f 1631/241 1628/558 469/559
f 471/562 470/560 1627/561
f 471/562 1627/561 1625/222
f 1630/557 1628/558 1631/241
f 1926/545 1596/543 1629/544
f 274/556 1926/545 1629/544
f 1629/544 261/245 274/556
f 273/552 274/556 261/245
f 261/245 260/555 273/552
f 273/552 260/555 270/554
f 270/554 272/553 273/552
f 273/552 272/553 263/551
f 273/552 263/551 262/549
f 262/549 263/551 264/550
f 264/550 265/548 262/549
f 1927/546 262/549 265/548
f 1927/546 265/548 1609/251
f 1604/547 1927/546 1609/251
f 1606/257 1604/547 1609/251
f 1597/261 1927/546 1604/547
f 1597/261 1926/545 1927/546
f 1609/251 265/548 258/645
f 262/549 1927/546 1926/545
f 258/645 265/548 264/550
f 264/550 259/646 258/645
f 258/645 259/646 260/555
f 260/555 259/646 267/647
f 267/647 259/646 264/550
f 264/550 266/651 267/647
f 267/647 266/651 277/650
f 277/650 268/649 267/647
f 267/647 268/649 269/648
f 269/648 270/554 267/647
f 270/554 269/648 271/669
f 282/668 271/669 269/648
f 269/648 281/667 282/668
f 287/665 282/668 281/667
f 281/667 286/658 287/665
f 287/665 286/658 294/666
f 294/666 296/664 287/665
f 283/662 287/665 296/664
f 296/664 289/663 283/662
f 284/661 283/662 289/663
f 289/663 288/660 284/661
f 285/657 284/661 288/660
f 288/660 292/659 285/657
f 286/658 285/657 292/659
f 280/656 285/657 286/658
f 285/657 280/656 279/655
f 277/650 279/655 280/656
f 278/654 279/655 277/650
f 277/650 276/653 278/654
f 278/654 276/653 271/669
f 271/669 276/653 275/652
f 275/652 272/553 271/669
f 275/652 276/653 277/650
f 279/655 278/654 283/662
f 283/662 278/654 282/668
f 292/659 288/660 291/674
f 291/674 293/670 292/659
f 294/666 292/659 293/670
f 293/670 295/671 294/666
f 300/672 295/671 293/670
f 293/670 299/673 300/672
f 301/725 300/672 299/673
f 299/673 313/724 301/725
f 386/723 301/725 313/724
f 313/724 382/722 386/723
f 385/686 386/723 382/722
f 379/710 385/686 382/722
f 381/721 379/710 382/722
f 382/722 383/720 381/721
f 314/716 381/721 383/720
f 383/720 327/719 314/716
f 314/716 327/719 326/718
f 326/718 315/717 314/716
f 314/716 315/717 316/715
f 316/715 317/714 314/716
f 316/715 322/713 317/714
f 380/712 317/714 322/713
f 380/712 322/713 377/711
f 379/710 380/712 377/711
f 377/711 374/709 379/710
f 378/708 379/710 374/709
f 374/709 373/707 378/708
f 307/706 378/708 373/707
f 373/707 305/705 307/706
f 306/691 307/706 305/705
f 305/705 304/704 306/691
f 306/691 304/704 243/697
f 243/697 242/692 306/691
f 306/691 242/692 312/690
f 312/690 308/689 306/691
f 310/688 308/689 312/690
f 312/690 238/701 310/688
f 310/688 238/701 237/699
f 237/699 303/700 310/688
f 310/688 303/700 302/703
f 302/703 311/685 310/688
f 310/688 311/685 309/687
f 385/686 309/687 311/685
f 311/685 387/684 385/686
f 311/685 372/683 387/684
f 388/682 387/684 372/683
f 372/683 375/681 388/682
f 388/682 375/681 246/679
f 246/679 301/725 388/682
f 375/681 247/680 246/679
f 246/679 247/680 248/677
f 248/677 249/678 246/679
f 246/679 249/678 300/672
f 300/672 249/678 297/726
f 290/675 297/726 249/678
f 296/664 297/726 290/675
f 295/671 297/726 296/664
f 249/678 248/677 290/675
f 290/675 248/677 298/676
f 298/676 291/674 290/675
f 291/674 298/676 299/673
f 299/673 298/676 324/727
f 247/680 324/727 298/676
f 384/728 324/727 247/680
f 247/680 376/730 384/728
f 376/730 323/729 384/728
f 384/728 323/729 327/719
f 376/730 322/713 323/729
f 322/713 320/731 323/729
f 323/729 320/731 325/741
f 323/729 325/741 326/718
f 326/718 325/741 328/740
f 328/740 329/737 326/718
f 329/737 328/740 333/739
f 333/739 334/738 329/737
f 329/737 334/738 330/735
f 330/735 318/736 329/737
f 329/737 318/736 315/717
f 319/732 318/736 330/735
f 330/735 331/734 319/732
f 321/733 319/732 331/734
f 331/734 332/742 321/733
f 328/740 321/733 332/742
f 320/731 321/733 328/740
f 332/742 331/734 342/743
f 342/743 344/751 332/742
f 333/739 332/742 344/751
f 344/751 335/750 333/739
f 333/739 335/750 336/747
f 336/747 335/750 337/749
f 337/749 338/748 336/747
f 336/747 338/748 339/746
f 339/746 340/744 336/747
f 336/747 340/744 330/735
f 340/744 339/746 341/745
f 341/745 342/743 340/744
f 342/743 341/745 343/752
f 343/752 341/745 348/753
f 348/753 349/754 343/752
f 337/749 343/752 349/754
f 349/754 345/761 337/749
f 345/761 349/754 359/762
f 359/762 350/760 345/761
f 346/759 345/761 350/760
f 350/760 353/758 346/759
f 347/757 346/759 353/758
f 353/758 355/756 347/757
f 348/753 347/757 355/756
f 355/756 357/755 348/753
f 356/781 357/755 355/756
f 355/756 354/779 356/781
f 356/781 354/779 365/780
f 365/780 367/782 356/781
f 358/763 356/781 367/782
f 367/782 369/765 358/763
f 351/764 358/763 369/765
f 369/765 360/766 351/764
f 352/778 351/764 360/766
f 360/766 363/777 352/778
f 354/779 352/778 363/777
f 353/758 352/778 354/779
f 362/775 363/777 360/766
f 360/766 361/767 362/775
f 362/775 361/767 251/776
f 251/776 371/774 362/775
f 364/773 362/775 371/774
f 371/774 257/772 364/773
f 366/771 364/773 257/772
f 257/772 256/770 366/771
f 368/768 366/771 256/770
f 256/770 252/769 368/768
f 361/767 368/768 252/769
f 369/765 368/768 361/767
f 253/785 252/769 256/770
f 256/770 255/786 253/785
f 370/784 253/785 255/786
f 255/786 254/787 370/784
f 371/774 370/784 254/787
f 370/784 250/783 253/785
f 251/776 250/783 370/784
f 250/783 251/776 252/769
f 254/787 255/786 256/770
f 252/769 253/785 250/783
f 367/782 366/771 368/768
f 256/770 257/772 254/787
f 365/780 364/773 366/771
f 364/773 365/780 363/777
f 254/787 257/772 371/774
f 370/784 371/774 251/776
f 252/769 251/776 361/767
f 363/777 362/775 364/773
f 350/760 351/764 352/778
f 361/767 360/766 369/765
f 359/762 358/763 351/764
f 358/763 359/762 357/755
f 368/768 369/765 367/782
f 366/771 367/782 365/780
f 363/777 365/780 354/779
f 357/755 356/781 358/763
f 354/779 355/756 353/758
f 346/759 347/757 339/746
f 352/778 353/758 350/760
f 345/761 346/759 338/748
f 351/764 350/760 359/762
f 357/755 359/762 349/754
f 344/751 343/752 337/749
f 349/754 348/753 357/755
f 347/757 348/753 341/745
f 341/745 339/746 347/757
f 339/746 338/748 346/759
f 338/748 337/749 345/761
f 337/749 335/750 344/751
f 343/752 344/751 342/743
f 340/744 342/743 331/734
f 319/732 321/733 320/731
f 320/731 316/715 319/732
f 331/734 330/735 340/744
f 318/736 319/732 316/715
f 330/735 334/738 336/747
f 336/747 334/738 333/739
f 332/742 333/739 328/740
f 328/740 325/741 320/731
f 376/730 247/680 377/711
f 324/727 384/728 383/720
f 383/720 313/724 324/727
f 298/676 248/677 247/680
f 375/681 374/709 247/680
f 374/709 375/681 372/683
f 388/682 386/723 387/684
f 309/687 385/686 378/708
f 302/703 372/683 311/685
f 372/683 302/703 305/705
f 302/703 303/700 304/704
f 303/700 237/699 243/697
f 243/697 237/699 236/698
f 236/698 244/696 243/697
f 243/697 244/696 241/693
f 241/693 244/696 245/695
f 245/695 240/694 241/693
f 241/693 240/694 312/690
f 240/694 245/695 239/702
f 240/694 239/702 238/701
f 238/701 239/702 236/698
f 239/702 245/695 244/696
f 236/698 237/699 238/701
f 312/690 240/694 238/701
f 309/687 308/689 310/688
f 308/689 309/687 307/706
f 312/690 242/692 241/693
f 241/693 242/692 243/697
f 243/697 304/704 303/700
f 304/704 305/705 302/703
f 307/706 306/691 308/689
f 305/705 373/707 372/683
f 378/708 307/706 309/687
f 374/709 372/683 373/707
f 377/711 247/680 374/709
f 377/711 322/713 376/730
f 317/714 380/712 381/721
f 316/715 320/731 322/713
f 316/715 315/717 318/736
f 315/717 326/718 329/737
f 326/718 327/719 323/729
f 384/728 327/719 383/720
f 381/721 314/716 317/714
f 381/721 380/712 379/710
f 379/710 378/708 385/686
f 387/684 386/723 385/686
f 313/724 383/720 382/722
f 388/682 301/725 386/723
f 324/727 313/724 299/673
f 300/672 301/725 246/679
f 297/726 295/671 300/672
f 299/673 293/670 291/674
f 290/675 291/674 288/660
f 279/655 284/661 285/657
f 288/660 289/663 290/675
f 283/662 284/661 279/655
f 290/675 289/663 296/664
f 296/664 294/666 295/671
f 292/659 294/666 286/658
f 286/658 281/667 280/656
f 268/649 280/656 281/667
f 282/668 287/665 283/662
f 271/669 282/668 278/654
f 281/667 269/648 268/649
f 280/656 268/649 277/650
f 277/650 266/651 275/652
f 275/652 266/651 264/550
f 264/550 263/551 275/652
f 263/551 272/553 275/652
f 271/669 272/553 270/554
f 267/647 270/554 260/555
f 260/555 261/245 258/645
f 262/549 274/556 273/552
f 262/549 1926/545 274/556
f 1597/261 1596/543 1926/545
f 1627/561 1598/218 1601/220
f 1627/561 1601/220 1625/222
f 471/562 1625/222 1626/224
f 1626/224 1622/225 1624/235
f 1622/225 1621/226 1623/232
f 1600/221 1619/227 1620/223
f 1931/229 1623/232 1621/226
f 1623/232 1624/235 1622/225
f 1624/235 1639/236 1626/224
f 1639/236 1638/238 473/565
f 473/565 1638/238 1634/239
f 469/559 1634/239 1631/241
f 1630/557 1631/241 1632/242
f 1629/544 1632/242 1636/243
f 1635/244 1633/240 1637/237
f 1629/544 1636/243 261/245
f 1928/246 258/645 261/245
f 1610/250 258/645 1928/246
f 1637/237 1640/248 1635/244
f 1640/248 1637/237 1614/234
f 1928/246 1613/247 1610/250
f 258/645 1610/250 1609/251
f 1606/257 1609/251 1608/252
f 1612/254 1611/249 1614/234
f 1612/254 1615/233 1929/231
f 1607/253 1606/257 1608/252
f 1603/258 1604/547 1606/257
f 1603/258 1597/261 1604/547
f 1596/543 1597/261 1595/262
f 1595/262 1589/263 1588/214
f 1584/264 1590/260 1591/304
f 1589/263 1583/265 1578/212
f 1582/266 1584/264 1585/302
f 1583/265 1572/267 1574/210
f 1573/268 1582/266 1581/300
f 1572/267 1568/269 1567/208
f 1569/270 1573/268 1577/298
f 1568/269 1565/271 1560/206
f 1564/272 1569/270 1570/296
f 1565/271 1559/273 1558/204
f 1554/274 1564/272 1563/294
f 1559/273 1553/275 1552/202
f 1549/276 1554/274 1555/292
f 1553/275 1544/277 1545/200
f 1542/278 1549/276 1548/290
f 1544/277 1538/279 1540/198
f 1537/280 1542/278 1543/288
f 1538/279 1533/281 1532/197
f 1533/281 1534/282 1528/133
f 1534/282 1535/283 1527/135
f 1535/283 1529/285 1526/137
f 1529/285 1530/194 1525/193
f 1531/195 1530/194 1541/286
f 1539/199 1541/286 1547/287
f 1543/288 1536/284 1537/280
f 1547/287 1550/289 1551/203
f 1548/290 1543/288 1542/278
f 1550/289 1556/291 1557/205
f 1555/292 1548/290 1549/276
f 1556/291 1562/293 1561/207
f 1563/294 1555/292 1554/274
f 1562/293 1571/295 1566/209
f 1570/296 1563/294 1564/272
f 1571/295 1576/297 1575/211
f 1577/298 1570/296 1569/270
f 1576/297 1580/299 1579/213
f 1581/300 1577/298 1573/268
f 1580/299 1586/301 1587/215
f 1585/302 1581/300 1582/266
f 1586/301 1592/303 1593/217
f 1591/304 1585/302 1584/264
f 1592/303 1600/221 1599/219
f 1591/304 1590/260 1602/259
f 1600/221 1618/306 1619/227
f 1616/307 1617/305 1602/259
f 1932/228 1619/227 1618/306
f 1933/308 1616/307 1605/256
f 1932/228 59/309 62/230
f 65/310 1933/308 1930/255
f 75/326 68/314 67/313
f 61/312 62/230 59/309
f 62/230 64/316 1929/231
f 1929/231 64/316 72/317
f 65/310 72/317 71/318
f 68/314 69/320 63/315
f 76/541 69/320 68/314
f 71/318 70/319 73/322
f 73/322 67/313 60/311
f 67/313 74/324 75/326
f 83/328 84/327 80/325
f 84/327 83/328 85/329
f 68/314 75/326 76/541
f 69/320 76/541 77/321
f 78/323 77/321 88/539
f 85/329 86/540 84/327
f 97/529 98/534 96/532
f 88/539 87/533 81/535
f 90/528 89/536 98/534
f 81/535 82/537 80/325
f 80/325 82/537 83/328
f 85/329 83/328 94/330
f 94/330 93/332 95/531
f 91/333 92/331 89/536
f 231/527 232/335 91/333
f 230/348 232/335 231/527
f 226/337 228/336 212/391
f 212/391 228/336 213/390
f 173/387 212/391 213/390
f 213/390 214/389 173/387
f 173/387 214/389 215/388
f 215/388 170/367 173/387
f 172/386 173/387 170/367
f 209/340 173/387 172/386
f 103/353 215/388 214/389
f 215/388 103/353 106/392
f 106/392 216/366 215/388
f 216/366 106/392 108/361
f 105/393 106/392 103/353
f 106/392 105/393 107/360
f 107/360 105/393 115/394
f 101/355 115/394 105/393
f 114/395 115/394 101/355
f 101/355 113/409 114/395
f 126/408 114/395 113/409
f 113/409 120/406 126/408
f 125/407 126/408 120/406
f 120/406 124/405 125/407
f 125/407 124/405 133/414
f 133/414 135/413 125/407
f 125/407 135/413 136/412
f 136/412 137/411 125/407
f 125/407 137/411 127/410
f 121/398 127/410 137/411
f 137/411 122/401 121/398
f 119/400 121/398 122/401
f 122/401 123/402 119/400
f 119/400 123/402 124/405
f 124/405 123/402 131/404
f 128/403 131/404 123/402
f 130/419 131/404 128/403
f 128/403 129/420 130/419
f 130/419 129/420 139/450
f 139/450 140/418 130/419
f 132/415 130/419 140/418
f 140/418 141/417 132/415
f 134/416 132/415 141/417
f 141/417 142/423 134/416
f 138/421 134/416 142/423
f 142/423 143/422 138/421
f 129/420 138/421 143/422
f 143/422 142/423 148/446
f 148/446 144/447 143/422
f 139/450 143/422 144/447
f 144/447 145/449 139/450
f 150/427 145/449 144/447
f 144/447 149/448 150/427
f 150/427 149/448 151/451
f 151/451 152/429 150/427
f 150/427 152/429 153/428
f 153/428 154/426 150/427
f 150/427 154/426 146/425
f 147/424 146/425 154/426
f 154/426 156/444 147/424
f 148/446 147/424 156/444
f 156/444 158/445 148/446
f 157/443 158/445 156/444
f 156/444 155/442 157/443
f 163/440 157/443 155/442
f 155/442 162/431 163/440
f 163/440 162/431 167/441
f 167/441 168/439 163/440
f 159/438 163/440 168/439
f 168/439 164/437 159/438
f 160/434 159/438 164/437
f 164/437 165/433 160/434
f 161/430 160/434 165/433
f 165/433 166/432 161/430
f 162/431 161/430 166/432
f 153/428 161/430 162/431
f 6/435 166/432 165/433
f 165/433 7/436 6/435
f 5/455 6/435 7/436
f 5/455 7/436 9/459
f 5/455 9/459 169/456
f 5/455 169/456 10/454
f 5/455 10/454 13/452
f 12/453 13/452 10/454
f 10/454 11/457 12/453
f 8/458 12/453 11/457
f 11/457 9/459 8/458
f 12/453 8/458 164/437
f 164/437 8/458 7/436
f 167/441 13/452 12/453
f 13/452 167/441 166/432
f 10/454 169/456 11/457
f 169/456 9/459 11/457
f 8/458 9/459 7/436
f 13/452 6/435 5/455
f 166/432 6/435 13/452
f 152/429 160/434 161/430
f 7/436 165/433 164/437
f 151/451 159/438 160/434
f 159/438 151/451 157/443
f 164/437 168/439 12/453
f 12/453 168/439 167/441
f 166/432 167/441 162/431
f 162/431 155/442 153/428
f 157/443 163/440 159/438
f 158/445 157/443 151/451
f 155/442 156/444 154/426
f 146/425 147/424 141/417
f 154/426 153/428 155/442
f 161/430 153/428 152/429
f 160/434 152/429 151/451
f 151/451 149/448 158/445
f 158/445 149/448 144/447
f 146/425 145/449 150/427
f 145/449 146/425 140/418
f 144/447 148/446 158/445
f 147/424 148/446 142/423
f 135/413 134/416 138/421
f 142/423 141/417 147/424
f 133/414 132/415 134/416
f 132/415 133/414 131/404
f 141/417 140/418 146/425
f 140/418 139/450 145/449
f 143/422 139/450 129/420
f 138/421 129/420 128/403
f 128/403 136/412 138/421
f 131/404 130/419 132/415
f 123/402 122/401 128/403
f 121/398 119/400 112/399
f 112/399 118/397 121/398
f 121/398 118/397 116/396
f 117/359 116/396 118/397
f 116/396 117/359 115/394
f 118/397 112/399 100/356
f 112/399 119/400 120/406
f 128/403 122/401 137/411
f 116/396 127/410 121/398
f 126/408 127/410 116/396
f 137/411 136/412 128/403
f 138/421 136/412 135/413
f 134/416 135/413 133/414
f 131/404 133/414 124/405
f 124/405 120/406 119/400
f 127/410 126/408 125/407
f 120/406 113/409 112/399
f 116/396 114/395 126/408
f 112/399 113/409 101/355
f 115/394 114/395 116/396
f 214/389 213/390 227/349
f 173/387 209/340 212/391
f 93/332 233/334 234/338
f 212/391 209/340 226/337
f 234/338 225/339 224/341
f 235/530 224/341 222/344
f 235/530 222/344 223/346
f 231/527 223/346 230/348
f 232/335 230/348 228/336
f 227/349 213/390 228/336
f 104/351 214/389 227/349
f 214/389 104/351 103/353
f 103/353 102/354 105/393
f 105/393 102/354 101/355
f 101/355 100/356 112/399
f 100/356 111/357 118/397
f 118/397 111/357 117/359
f 115/394 117/359 107/360
f 107/360 108/361 106/392
f 109/350 110/358 99/352
f 229/347 221/363 109/350
f 108/361 220/362 217/364
f 229/347 218/345 221/363
f 218/345 219/343 210/365
f 108/361 217/364 216/366
f 216/366 170/367 215/388
f 177/372 208/368 210/365
f 21/461 180/462 181/478
f 181/478 180/462 33/464
f 33/464 195/479 181/478
f 181/478 195/479 205/472
f 205/472 195/479 23/480
f 23/480 29/481 205/472
f 29/481 23/480 22/482
f 22/482 28/495 29/481
f 187/494 29/481 28/495
f 28/495 43/493 187/494
f 188/491 187/494 43/493
f 43/493 40/492 188/491
f 188/491 40/492 39/490
f 39/490 189/489 188/491
f 188/491 189/489 190/466
f 189/489 39/490 35/488
f 35/488 32/484 189/489
f 189/489 32/484 34/465
f 32/484 35/488 36/487
f 36/487 37/486 32/484
f 32/484 37/486 25/485
f 25/485 24/483 32/484
f 32/484 24/483 33/464
f 33/464 24/483 23/480
f 24/483 25/485 22/482
f 22/482 25/485 30/500
f 30/500 31/499 22/482
f 22/482 31/499 196/498
f 196/498 26/497 22/482
f 22/482 26/497 27/496
f 27/496 26/497 198/515
f 198/515 199/512 27/496
f 42/514 27/496 199/512
f 199/512 41/513 42/514
f 42/514 41/513 40/492
f 40/492 41/513 38/526
f 201/511 38/526 41/513
f 39/490 38/526 201/511
f 41/513 199/512 201/511
f 200/510 201/511 199/512
f 201/511 200/510 36/487
f 203/509 36/487 200/510
f 200/510 202/508 203/509
f 54/503 203/509 202/508
f 202/508 50/507 54/503
f 54/503 50/507 49/506
f 49/506 53/505 54/503
f 54/503 53/505 55/504
f 55/504 56/502 54/503
f 54/503 56/502 204/501
f 30/500 204/501 56/502
f 56/502 47/523 30/500
f 30/500 47/523 46/520
f 46/520 47/523 44/522
f 44/522 45/521 46/520
f 46/520 45/521 57/519
f 57/519 58/518 46/520
f 31/499 46/520 58/518
f 51/517 58/518 57/519
f 57/519 52/525 51/517
f 51/517 52/525 49/506
f 49/506 52/525 48/524
f 48/524 52/525 57/519
f 196/498 58/518 51/517
f 51/517 197/516 196/498
f 196/498 197/516 198/515
f 200/510 198/515 197/516
f 202/508 197/516 51/517
f 57/519 45/521 48/524
f 44/522 48/524 45/521
f 48/524 44/522 55/504
f 55/504 44/522 47/523
f 47/523 56/502 55/504
f 55/504 53/505 48/524
f 48/524 53/505 49/506
f 49/506 50/507 51/517
f 51/517 50/507 202/508
f 204/501 203/509 54/503
f 203/509 204/501 37/486
f 197/516 202/508 200/510
f 27/496 42/514 43/493
f 199/512 198/515 200/510
f 198/515 26/497 196/498
f 58/518 196/498 31/499
f 46/520 31/499 30/500
f 204/501 30/500 25/485
f 25/485 37/486 204/501
f 37/486 36/487 203/509
f 36/487 35/488 201/511
f 201/511 35/488 39/490
f 38/526 39/490 40/492
f 40/492 43/493 42/514
f 187/494 188/491 185/469
f 43/493 28/495 27/496
f 29/481 187/494 184/471
f 27/496 28/495 22/482
f 22/482 23/480 24/483
f 23/480 195/479 33/464
f 33/464 34/465 32/484
f 34/465 190/466 189/489
f 190/466 185/469 188/491
f 185/469 184/471 187/494
f 184/471 205/472 29/481
f 205/472 182/473 181/478
f 181/478 182/473 19/474
f 3/380 192/475 183/470
f 19/474 20/476 14/384
f 206/382 193/383 2/381
f 14/384 15/370 16/371
f 15/370 207/385 171/369
f 170/367 171/369 172/386
f 172/386 174/373 209/340
f 177/372 174/373 176/374
f 176/374 178/376 17/460
f 206/382 1/377 175/375
f 17/460 178/376 179/378
f 194/463 179/378 4/379
f 4/379 3/380 186/468
f 192/475 3/380 2/381
f 2/381 1/377 206/382


o Object.2
v -10.984112 -9.867704 41.272110
v 2.653640 -9.867704 41.272110
v -10.984112 -9.867671 33.057537
v 2.653640 -10.790505 33.057533
v -10.984112 -10.790539 41.272102
v -10.984112 -10.790505 33.057533
v 2.653640 -10.790539 41.272102
v 2.653640 -9.867671 33.057537

vt 1.000000 1.000000
vt 0.000000 1.000000
vt 1.000000 0.000000
vt 0.000000 0.000000
vt 0.000000 0.000000
vt 1.000000 0.000000
vt 1.000000 1.000000
vt 0.000000 1.000000

usemtl Mat_2
f 2371/2386 2372/2385 2373/2384
f 2374/2389 2375/2387 2376/2390
f 2375/2387 2374/2389 2377/2388
f 2378/2383 2373/2384 2372/2385
f 2375/2387 2377/2388 2372/2385
f 2375/2387 2373/2384 2376/2390
f 2378/2383 2372/2385 2377/2388
f 2376/2390 2373/2384 2378/2383
f 2375/2387 2371/2386 2373/2384
f 2377/2388 2374/2389 2378/2383
f 2372/2385 2371/2386 2375/2387
f 2378/2383 2374/2389 2376/2390


o Object.3
v 14.947881 -0.749117 41.272106
v 28.585632 -0.749117 41.272106
v 14.947881 -0.749084 33.057533
v 28.585632 -1.671919 33.057529
v 14.947881 -1.671952 41.272102
v 14.947881 -1.671919 33.057529
v 28.585632 -1.671952 41.272102
v 28.585632 -0.749084 33.057533

vt 1.000000 1.000000
vt 0.000000 1.000000
vt 1.000000 0.000000
vt 0.000000 0.000000
vt 0.000000 0.000000
vt 1.000000 0.000000
vt 1.000000 1.000000
vt 0.000000 1.000000

usemtl Mat_2
f 2379/2394 2380/2393 2381/2392
f 2382/2397 2383/2395 2384/2398
f 2383/2395 2382/2397 2385/2396
f 2386/2391 2381/2392 2380/2393
f 2383/2395 2385/2396 2380/2393
f 2383/2395 2381/2392 2384/2398
f 2386/2391 2380/2393 2385/2396
f 2384/2398 2381/2392 2386/2391
f 2383/2395 2379/2394 2381/2392
f 2385/2396 2382/2397 2386/2391
f 2380/2393 2379/2394 2383/2395
f 2386/2391 2382/2397 2384/2398


o Object.4
v -16.450489 16.447472 45.379406
v -2.812737 16.447472 45.379406
v -16.450489 16.447504 37.164833
v -2.812737 15.524670 37.164829
v -16.450489 15.524636 45.379402
v -16.450489 15.524670 37.164829
v -2.812737 15.524636 45.379402
v -2.812737 16.447504 37.164833

vt 0.000000 0.000000
vt 1.000000 0.000000
vt 0.000000 1.000000
vt 0.000000 0.000000
vt 1.000000 0.000000
vt 1.000000 1.000000
vt 0.000000 1.000000
vt 1.000000 1.000000

usemtl Mat_2
f 2387/2399 2388/2400 2389/2401
f 2390/2404 2391/2402 2392/2405
f 2391/2402 2390/2404 2393/2403
f 2394/2406 2389/2401 2388/2400
f 2391/2402 2393/2403 2388/2400
f 2391/2402 2389/2401 2392/2405
f 2394/2406 2388/2400 2393/2403
f 2392/2405 2389/2401 2394/2406
f 2391/2402 2387/2399 2389/2401
f 2393/2403 2390/2404 2394/2406
f 2388/2400 2387/2399 2391/2402
f 2394/2406 2390/2404 2392/2405


o Object.5
v 6.721095 -22.785345 41.272110
v 20.358847 -22.785345 41.272110
v 6.721095 -22.785313 33.057537
v 20.358847 -23.708147 33.057533
v 6.721095 -23.708179 41.272102
v 6.721095 -23.708147 33.057533
v 20.358847 -23.708179 41.272102
v 20.358847 -22.785313 33.057537

vt 1.000000 1.000000
vt 0.000000 1.000000
vt 0.000000 0.000000
vt 0.000000 1.000000
vt 1.000000 1.000000
vt 0.000000 0.000000
vt 1.000000 0.000000
vt 1.000000 0.000000

usemtl Mat_2
f 2395/2408 2396/2407 2397/2410
f 2398/2413 2399/2409 2400/2412
f 2399/2409 2398/2413 2401/2414
f 2402/2411 2397/2410 2396/2407
f 2399/2409 2401/2414 2396/2407
f 2399/2409 2397/2410 2400/2412
f 2402/2411 2396/2407 2401/2414
f 2400/2412 2397/2410 2402/2411
f 2399/2409 2395/2408 2397/2410
f 2401/2414 2398/2413 2402/2411
f 2396/2407 2395/2408 2399/2409
f 2402/2411 2398/2413 2400/2412

